53f241fbd9d7c4f1
255366efbbf45521
de483f1b7f679fbf
b3a8f49749341c08
1b7f7f5b3128f66d
aa46d5d3b706162a
d53400f01400e4ca
12f13b4ed0f729d8
1b0df6aedfd27fdd
d6002f3f02f0abe8
28f6d6d443e64c03
c7f3fa660129a61c
931abc0ccc7f67c1
02c616fd1a224d11
155f4ba91609da19
9f8d3fe9b425bb08
ffff4108bbf6b017
81fe3d7fe3642081
3851eb206c0cfa21
a27a97ab0355d43b
d8e800e9ebeacb16
5f3a9dfc4905e4f3
05e5c0dd4b417421
fef4cb1638dd0907
28f52935c604d6f1
1023d6e29ebd16e7
c7e4ca5ec6079edd
e9b9ee57f02c06c7
16efb00fd0e92a15
661213239c05ab2c
ef0afed04c0b11ea
fcde0221512035e3
30f881656581240e
2f36f3f8979c140b
1ddd1f62300b2431
811b26f0ffe728f6
02f7f1c14508fdec
21081b8ae9fdd8c9
d248b98a1191ebda
1ddff6bed8dff9f8
0b1f13ec2207ff15
d13401f30d18e6fc
70e8bb631d2fdfd3
f0c0b30f05db3a63
f57f2afff5440537
220203e9f1e7febc
df28e951cdd4f01c
0bfefcffc0a93621
de0aea13252200f4
1308f72000f4d615
c226b2815aebed33
f6c04714f2cfee81
c62940e526150cee
042b21567913ed2d
fe10fbcdc7e6fc48
12b6f8e363378103
21ea110eede9e213
29f91bfb0f14d89d
0d211e2bfe64eb38
424cd61a81d0a560
e9100ff80416fdfa
caf409e3086e2d26
fde02128e5e04dfc
eed9e62943b31125
f844a6d70283e8eb
1746deeeebbef31c
e2d605f43921d19d
e77fb8de24dab795
46d919ab4c1e8104
0e320214811ccbae
0a4d1e46d5cdd122
02163bb10c24d41f
d842fc0f00ed5b7d
30df26262505007a
18e32932101dcf5c
7fe67ffb06eeec26
39d93004edfbf813
3e392101ef60301a
15dff0650979c44f
16b4f42efa111350
0647f620fa07e6e2
e721071de97f0881
37c72c1b11ed04f3
e2b7fcff39f1ddf9
e8eb0bf50afcf121
fded1b7fcee7ea02
081b962ff85fc90f
231416f106fcfdda
011d17e0f513f216
020d0251f10a1e1a
20f3dcc0152909cf
d9db271bdd181833
fbbb0dfed8fee5f1
4114c31de4caf819
fd070d14e6f323fb
fc970dea0f27f1fa
281b052e2616c10d
f2c15f0a12ccf4e1
7f1b2f1122a52732
13fd816ce7d813d4
d93d7d14f0ca0b81
08eaba410f8112b1
f8ed131a07301d25
ec13fdb1d4e7fbcd
f2ebfc1e27f5120b
eefdf314e1f9260d
0f1edf7f992206f8
104ffad94cbb04b4
32fb9334d4d0db20
dec4411141ecddd2
c2d756c00e14292a
017f01d4fcd81c12
e5f8fefd240fe908
fbd1281c3cb7161d
39d1d7ebff151453
180ee3ef3bc82136
e8ae48012ad0c404
0313e3d655cfb116
e6fbbbde7fbb16f1
5d31292710e4f9fe
fd140ade581bfaa9
d01dc7f9f8c8181a
eaf334086f0b39bf
f0db2921d5ab7f1a
fb0bf208f2f40ef5
f51541eea2eb1d20
00fddcf9e7e9e807
2a09f8f1fc38f0db
25012adfd6f4d1cf
e1400818e1aed40c
3a2fc4681afdea21
3a232afcface3719
2ae319dcecbdbe03
9012dd5ee5afde8a
f9c7f726151a0f06
672adffc3bbcbd4e
c0ebd1c647d2bb3c
f5f40fe23999de64
f6adabe8fe3622de
3baa7ff5bb97d0cd
bb0fdc7f3b58ec9f
f8ffe4f93e977fb4
a300042a0d8fdaf0
09234fcb0b0c8df9
25e40f02e053021f
e748d32deaece3d0
1f0315e74c0b23dd
57810dbb2b0456bb
4cbdf001f830b8dd
1d44082b06ad8df6
e45831553cf719b6
200a15100e09fd32
cf03fe0a0dfbd70e
17f3e8f116c6ece2
81c0f01349f8cff9
d0f627f5deec0113
2bb152cbe57f0e81
e26426e38177c80b
f123110aa3af19ed
b95f1d13313cfa5f
fd2b8b81260ef294
aa1f700feb1b1221
d68144d2e6b0bef2
ac1e00faee033514
51d185f5e21e192e
fa05692fe90227e7
d6e110f3faed192a
b500404ff9fb170f
0b0614f4f1fa03f9
dff0f910c706fa18
7fedb60c81045dec
2e00f3d931e820f8
f7f7b28808c8d74d
14e970e90fece71f
212864f6e943d12e
0eff1525f910f247
17fd2fff01cd2bd7
b2b53107faebd85d
c4241d4b1a0f7f3d
f52fe31fe2fe59e5
af07131f20ee1a58
2edf1e312c1bdfd7
1ff7f13813c0b6df
06e8cc16dea4a817
2d140f03a802c2ef
5cc4010cc1193518
ef091543d2d9e57f
e51281e1267f1641
15f91a0111fd18fb
16113ee817150e27
47de51eefc50e2bd
3c0fe028eae8cee5
2516fdc51134675d
10e832ccf31b4d09
2acf9d2122c51145
12d8c9fbe109e41a
7558df124a17b1b7
8a40d94b6398c944
032fbafa0b4ee700
1cfb221510fcdb02
1adf04c1f8ce66f0
dee8175128ea1c2b
2fcaa91230d00a3b
d164060af17f2149
2ef225c930e80d85
d8cc0dd27f2b0c99
f8e9220be7fbe138
8182ff571ac1fd17
c7fec9fcf613c6d6
57efd8cbd2c603cf
40ebf1f52438c640
6981b77f45043026
0ef817fe13212301
2bf47fe2fdab027f
c8e605ac2b04fe1d
0f0ef804e1ddfbea
c4fc3f0f1909f835
120204e5ff2147fa
dc29f42ae5402c2b
0e230cc8cb160c8d
fef700dcc5ed81db
c6e7e40adce12117
ec07fbf70bd4e7cf
d8ee28fd09dffa98
49265e10eb1808be
d27fa4dfdef20301
d3d31d7f956b98c4
a6eafd16efb018fc
dd53e842e2f51beb
021cf6fc0cee7f41
25ff37fc3c123929
2d115507e7fd4e27
1b06f6fd0a010f09
22e2c613033e00d2
c7e324e4022bb8f0
7f2b3ab0e60734d3
0d23ccd2c17f55b1
faf8812507fab914
e5e3b30d81c026c8
afe140e91dfb7d01
4b1091e62bdddb17
3848e40217dce87f
0942bb5324edd012
d3d2adf20ec2e8ff
00ff3be0e0071cde
1001c50bc3192002
dae300c4f103ebf9
2ce108cbf7b73cc0
17ffb7070d03bf13
ea10cb38001809fa
1918441e00f127ec
f4d21725fabf4e17
0317f006fff4f612
5b06f912e40c0fde
8cfd6be31ce502c0
fc1b0f330e150830
2efcd0c581c91795
031a19d8dc1513c4
2450da7f1db201d3
ed1ec2d78d1aba30
e1efe210da104106
b056053a3db4fe7e
0afeb10fd906f928
e76037e00cf1e725
41b64bba1020477f
1065d803eb062c46
f408bed81630c113
e3c46f3351667b31
e2bc47f012c9d231
2af781f0b90aff37
fdc2382a32b00fcf
b31014cc2681f6b6
174d01edfa060bdd
037ffb37c9d27fee
fc35421e2df6fe07
819ec6d9edaf0456
0ae428f205feeac2
064219e85cdddb11
5741c906c3d2e944
e9461ee3ef0c09fd
0ebd0cfefb12e2ea
39c6e6feeff5f307
24a2c222ef20dfeb
041cfed729f2dee3
e158bbed0f343beb
dd13f40cf9fef212
09fb0400f5ef0811
ebace30410f61aba
5a45fb0051e1a55b
edd564f362e6f8fd
7fe7aa7facb67800
78c3a9dc7f66f5ea
bb2304bee5ea1afa
2a1aafd7f3d1c9ff
e8819ee7fcf81005
4ce333fe0ef102dd
f4eb0f08fefde3e6
153127462f0bfe15
0a1ce2f408357fc2
eee47f16db81cd33
04e10634c64b9e2b
efd22c1f3eb5c829
adb7eae8cafcdc79
a8e7fee7d5ede118
0feb50f5f3e1fbdc
e5ab36aa260703c6
0ce802d2190ce2a3
330608b0202e0026
17112a1f341cf306
8b0816a428420881
cf082934e80cc0fd
ae08e2b2f8fde816
b711d71ab20d06fc
b457fb6af04421d3
11ffddb5b8fb0926
d0fc1805d799c332
f728f6de0307f8f9
8a2fd6e6ef3419e9
285a1fd7ea23dded
0039c8d107e3b0cf
da7c8141f2f342be
bcbe302921f64b2c
b60130558dc72ee9
3d7941db900e92f1
1399ae52ef1c071f
54d71e04d1c47f7f
1941ce20fb2bbe19
0a1ff0ee001f0fdc
fbfea60d10e2db50
14fba4c912f130d4
0f06ce0812b4a2a5
38fa280d7fa34467
e9f05ff242f229e3
0e75e9e017029a6b
e57f17fd040dec48
e6f8cbf5d605b2dc
e728c21915140c0c
584a68d208fc5935
fe0403f8e314df78
57daf01c0781a1d4
ff30fc0ef5fd1a09
e5bc23eba02ddcfc
22a7bee467141827
4022b7f9d603e035
ddb9e203fbfe11e6
2ff5fefe0e1ae6a6
7ff490e207b613f1
02dcfe0830e40b34
cc130581c11ce143
11a986e4c615611d
e2c11af9dff8f2ef
0a9552f11e0d1209
e60720f1c8dbf57f
fc9c2fdf58a1c201
c86aba7fd977ed04
04e2f329e195e40b
e42a2198d438102e
393dc2d5f9f63f05
173b2c620bc415d5
21fe371b2f571608
d91c0709eef00cef
ed07eddff4891e06
d25c4fe1e1675fdf
2a4108ced24d8613
bd7ff5d163f00ad7
c20efd487faa00fe
4c6439de0c1a06d5
e403ef0720fdd82d
e72714e6ca1519fa
f63e1efa1529350f
ed09eb7f440c7f30
fdfb8103080c16d6
02eb1cffcb81e003
d268f058f5c2f2e9
5551e01a35374408
b68412aa26d22bee
ecf20eebe10c0e15
b69da5003925ea1f
f749f10dc4449543
4fef27bdcbc0fae2
0c1700f315fefcfc
03c4f6f209fc0b09
7feadf312e4b1930
0dfad349dcf603e9
8df1eeea29f378d0
e0f80efabf174af7
3711e2125090ddff
b847c931a8153ad3
90ca3ee193ee0a05
d8ea26e6bb201129
000bdbec36ff2307
cb1bec740eea16bb
10c9fea08131ebf8
cd0acf5e295bfc59
b8e0ddc0be7f9533
23811e112ec367c2
a44501f2331503a6
c2bfe2162c56b97f
24da1a08c4a5f5df
ec89425fb1d6d828
0041422bb7dee930
135a00103cb345f3
dcd11781cc003226
810af21330f971a5
d5290507000bf6eb
1d27fb5115d85df8
fd288bcc7de136e1
c50c213cec1622e2
ef11f8f3172881f8
07e9e30729f3b016
42bc7fdd19f10865
cc27d4150621fc10
f1ca49e61940ed0e
fa020d659e2a0f0f
30041c653433f4fb
437d204aebe98f1d
ea50c6c617f61436
f912af533dce0b51
a3063d1939d981fc
022bfff8fea3acc7
11107c11fbc39975
52027521f2af1218
c7587c3afff61af8
fb7f46fe30fa04c6
0fed10f8f80de9f8
eadaef06e41bf3d6
724743d4befacaff
495e819c95812e8e
1e0fdd30fe3aa827
032c5ef1bfbce7df
7fa8cce61ef35c40
051fe121070162b2
f81409d903fa3ce3
0ff32fc316b1b174
3a1f1c41ec7de6ad
51550a8f4a61f2a2
4510153b1899e0ed
5308e43d6236087f
de41f851f1d713ff
44ae2781d533e4e6
4a8e0c1107ed4d1d
0f1afe187fe676a4
29ecf10e3b53d51c
5a3f196f1ebff58e
f3f2fbfafc150dfa
cfe0e6fed5eb2713
090cb0e01c27eb6e
ef4932f810dd41df
bfd8fafcce10bb10
f9fc0fedffb4fbfd
ef7ff5151c6ebec3
14173e03133b2612
eb137f2381958317
bb17b21a94975228
e91c260a23f4e527
1ad0e5f1ecf3fdfb
0feb2013f881ab81
12212b0e910cc9dc
cf22ea813fbc2ce3
819b2e5c3ededce0
f83f3b014a99ac1c
db1929eeee29dcf2
0000c4c2cdb05312
05d405fecc33f3ec
ea03fc380c59032f
2d2d24e7c24be203
111cf6f304eab300
464309292cd611fc
fef20502ff60e4f9
98fddd1f08212cf2
1711fdf526f513df
350a0af9193ae3e2
1eeff9f806f93c25
1ef1de1616190805
140009cbf0ca2a02
d7fea81affb6103c
e128e6d609067f24
b425e106bce504f3
fce70c0ef1e833ed
da0030332617c01d
2f07f84d15c7dcff
38f205f4fbb5eaec
c848f60c2efd057f
3a010f3e1f20b9c2
e01107f0f1c0ef09
4019ee2419e007d2
e43232dfe32b6201
d9eff4111ae9c3c2
e5daf1d70ae0f3e5
ec13001407cecd0f
dd1c16e1076942ef
d3d61ecce6f2fa3e
435f332738ebdef1
db81932a41a6fa1f
dcddd97fe62b0211
7fcfd9e7fcf28114
12deead7f5032119
cbfb03f6d758eb4a
ad0f0cdbdd18edc3
1a1f4b4126e021ee
f4cf98f903d84e1e
3c0ff4a1dc97c435
34fbcb9930fb63d1
1dbfa45d13e7150e
1af0eadb0e222be4
24f610d1390d98b3
160be4fff937bbbe
7af581e1d640f042
00f90ff008dbb402
e9020dfdebdf28f2
9540d820817fdcd2
f5d00925e03f0fd9
bc231d099902e325
1ce9493fecd1ec1a
962fedd15a1f1956
57e4e624e1dcbfee
4ffc13c538080b0b
c914f2f7e0c0ff24
131101fdcae32d22
9347cdd11be2cc76
a3d630eb06aafe38
23d462b4d4f5fcda
c4fa1bf137291761
dafdea13dbc8e218
25ef17817f81d73d
d30111e003c5fdf5
39fbf2cdf7de0e01
6c7f1cf9d8f87f09
59e32bfad3fff407
e910f037f70d1def
083a81f2180dc443
33dfd5f14103f210
5dbfab1d0c1b1b0e
7bc42de101cfdc1e
ae0afafc33e90e7e
81fa0dd8eb2aeb23
34fb4f3d0b1c32c6
1c07eed4255cf119
69dd324c0a3febe8
053b15f2f097160e
4e25f7c60e96ea82
c2cdd12cc339f8fd
761d05fc2f150d7f
fc4a0e06bbdefb37
06e4c79f01f47fff
1eac8f6e25110e42
23dcc31aca8c563c
fb0cd30124f33ff5
15f8d007ecdc4ad8
18b62c22d800feac
f672f8ab12e6f591
ded50e81f2ea12be
81f177e00f2dbe21
f817ba00da42d6ba
be35b7a2dba11b4a
c3bc2fec0c14dfe0
247f3f0e3917f2a3
0b3701c7eef65510
da12da5fdfe7c216
0a20f2951406ff89
1b10ddedf755d5bf
032ef61103eb3921
cf277f3848072ffa
d7e6aa41e529a82d
164faaaa0b021961
f00d32ce5f92277f
28ff8e2c0a46b1cd
0703fec72f609d36
2601d0dc4b9c52b3
2646b7fd817f2a3e
0328e4daf40ffd13
29d9180bcdf16a4f
15f9df56db24c620
0319fc62f433f947
de925b2635a8d831
112fed05f92023ee
a4ed10da41592c33
1b13debe0b0f08ed
d746d6a0dd4c66df
fc2d38df4d221b06
d710117fef3ddf2a
18fc14dc04e82406
29022eb4d8b808dc
ef2d270fd6ff4f5a
bccfffe87fd414f5
17180d16db200b81
0002f57908fdd9f7
042a46f1bcce01de
8fa3284de631bf2a
290f171507eaf0f8
0210e5cef9e91b1b
abcfef38333cdbfe
af1efe6413f70615
6c2d05dd1c26dce1
811b81c70dba8137
27c02b16f74a02e9
3d962ecc33fc0cf8
bee89bff02e513fe
44401cbda7264855
d2e90aee1302412f
11f815fe0bff00c9
fa81de23f9e830f6
5c4c4f32bc3cf1da
8f4c16e1ec8107ff
033c1b18f7e67eb6
0ddff9e4ed0d1cdf
0ffafe59e531f653
71062608fcefd1ed
051100d00f24b6e5
7b1c0e41bb7fcffa
ec8aebb0fa3a04fa
0df2fdf4c01bd9e5
de010f0017d7ebf2
0b6902818130f416
fdadd924b9d6fce6
b5f6b495cc06e44d
6613d21a473cedf4
0bebdaf3fcf00d1b
8181b33eea429801
dbf7ad0b0df4b1f8
ffd0afb4f9ca1bf0
8a14fcf00537c43f
13ff30bd6c1a3bb1
072554e2d91c152f
a309a3bd17e2de97
f7fc230f2019e3fc
0522813f38012506
6a53e31dd05526df
13d2f3edc2012405
f9eec79c32720945
0cbbfe013b077f81
c14df30ffabdd800
1074eaecf6d2f823
27865ab24d6bf80d
dae11b0bfd25dc07
28f1664d4016f2fe
04f03e121a0715f6
c536602541f4cc03
306a020ddb61df1c
eafd93f817e1241a
4f19d2ddd80a51d4
cba42b670a0c0ef5
71df27e7f60d3e0b
3f06eada16c6a111
c04c453ce84feded
22b9eeeefcf1c3d7
feb7fc4c81f16c08
35ca3b0cde01e75a
1ac8c51501066df8
237ff6e42081ef66
816106f8be0cd24a
d6d8ba10ec41f03f
07f12ef091107351
551cf90fdf031ece
2504eb35eee211ff
2b69519b1507dd26
e2b114fd2d02117c
8ae7ee1b3ce8f90c
ea67813c0e4d1e6b
150953e21eb9527f
ea2a4e9719ae16c9
3dd457b912ffcffc
e15205abf39fb9ed
accecc09ddd6e335
f07fef6b0dfb4fe4
faef210c0bdd2428
1dbd13b1ff698159
eda414cc1917b626
0fdef2f09a512e3f
9e1abbe1e601c0fd
08b7108118b0652f
48031a06fa1cfa0b
1d7fe615fb74b41e
ffe6c6f8b8161fed
59adfdfd0806e2cc
240422df47fb36e2
be0d054aaff40c0f
e70ecafd3a05edf5
e0cfe327e4c32be8
101d1c28f516cd4e
06ecc53bf7eeb516
50edfe151426cd1f
32d5d41886dbbff1
1ff5d2a330edd4e0
0b0928222020eec6
a03008fe3eeccff0
47edd92debe4080d
7f112ff2eed70be1
3737d67081f2cc04
591f1203240428d4
f1688725f47f2781
ca08ff18e3faf7f3
c0280066fa1306e6
b7f1e29852fa8143
30defe7fda1bebf0
508d212247ecda0b
e80e1b1cc7c13efc
de3001f265bfc8d7
ef26f00fe7eaa9dd
241f390a0e4447f6
2e01fdd3e6050511
55b73afb53be0970
060481cc55e4cb0f
b2ed071803f2cb46
0becee460cfbf70f
40f325c6c697cd2e
15f12e277fdce2fe
2e2414dbcf2002fa
882738ed69d5161d
1ff6fad1e1293ef1
3bfca26f11e4db24
3fdc327fdd812a43
affe3fcb0015e303
c10e36ba74d704dd
20d06caf2893e7ac
bfc304257cab1bc9
1e7f587d81157feb
001cec12dbef3dfd
fa27f02ae3f82513
c54bd3f47d3cf2b2
20195bacfa37d608
fb19db00c1e7da03
36e12cc8fc21524e
7fb136373d880ed5
c93cd9d9cd1e9e58
d0184ddb2f5af3f0
bd44f30525af4922
1a452be61cd21b07
095f870f8e59d80a
23ecf826fe08f1e9
17b504cd23b4f12f
4b6003045b621ad3
0b2c1c41169f6f07
edede31bfdecd8ec
9b1b7fe1f315cd7f
2b5b3200d642fbef
a69ad907c210ea20
fbf781974f11eed8
0c2c301b162727f5
0ae202153031c217
e60c11a0ecdef947
b6ffa3a6c60939f6
0e34ede3032921f1
c30e2e28cb3cece2
333d45d0d0181d47
07fc14d4d324d000
dd0247c2b64b39c8
b33b610cb4b1f3b9
a22d9fed36e7f119
fffc1c0e4facb009
0cd4e63a0613e6af
1ed93f3bdf5f40c4
1a9c6a527f00028c
0bfe24e410fce712
7ff31f172a34e0be
0632fc00dd08ca81
b405cbce5c7f0b12
0d4027cd7322ef14
41dafc6243aa8182
571b327fc7cdf002
f2205d07462dcbbb
ddeb1deddb6e1567
f61020ebf2eebff1
448143ad49c02a5d
fcffff051323fbf9
0efdf6a0aea11f76
e00729e40cfcff22
def405d211f5e8fe
2f173314620aa9be
086428efa3f03dd7
84ebf6be15fa2433
dcdb3d2d021121ee
bb81c4f8601520e6
ca0feef310f6fc30
2216814fdc51df13
c53a175813d20230
14dc0429eac91f71
d8e8191b43e3d4b2
fa1b312d20fadb06
f14ee216af193d24
28e81be57fef7f87
e626edf91be331f4
e13a12f320f0e8d2
17d8fadff3aa3864
35a0aac93e3c3119
1ad83305acfbbe42
2e1261b7e97d2ddf
1938df36db81571b
f5172dcce0d7a330
fbb971d66205793c
09eafc0b5de8a3e1
d7ea1d0c1c18e931
e519d71af8f1cfee
2d1700f8280b1018
6a010f0224f65a32
69fc00cac9151883
df1fc181e004efea
0ffbf9dea8fff920
ffec0c1d1c410281
815217ce5300affd
cec728f7118103f0
1427c5c37f84403d
9e7ae9cafdda13d7
0617eafa290521fc
f4e5ece1cfd7f70a
3424305aefdd0322
3e4d151aacdac914
36ed0015e8e5fe11
cffe26fce5a146db
004d3dd6e80bc0ec
0808022a17b9fad9
652e0833102a20f0
cd0a12dc2c09e3dd
e581051c31df1a1b
3622080027fe18f5
7f4f817fb4c1ecf8
cbf8165231137c48
e82b16ff0bd254f4
4d57dfb18db5b7ca
163004e0edf74213
0d36f2d213d781c4
05ec582a7b15eeed
39df5d390f9d1b7f
2b145000ee54d327
c904f60da82efb19
abdcff380073b602
1a2a0c12edf1f737
0eb6090724e943e6
f110050ff5eef7fd
c47417a905d6ebed
21a9160ff21a0126
0f461b11f02909f6
a4fec517ea034b1d
01c418c8cd81c643
b544feebfd49fdff
26f7020eeefe0804
8c7be73a100df2fc
17d2e4f0054a0d13
e954d2011665580a
9632ef2681a2e092
0d010822d934cb37
29ef08fd1e0ef23b
1f2d48f9366315f1
fe96c80ddef6fcc4
c7fbd1812bcaffcd
180b18fcf600cefb
1204d1f0f7f2070d
7f4395ecddc37f08
9fa77e15dfdbfc63
39303f1318d3fce6
f58fb9fa39f61b0a
c17fe001f503157f
373cb5d310d80e15
9936c4de1a30e6f3
3bec8101eec22803
1824ab0712fd09ca
3cafe904dbdf0bbf
e129f8f00a042607
0eda0a2420ec09d1
b7c4d4e4d8ff56a9
ee13571aeda6cc5b
edf1e6140ad8fafb
eae522eeb4a4b01b
6f2231f804e313e9
1c577fd686f5210a
b5bfe11805bbf40b
e4019de9cf163526
01edfbfa1c03ff15
ff22ca3bec1d1505
d5acda1a7723b2f0
3b32ccdabe0dc122
42da0f222f477e0a
5093a97ae0bba02f
46580f0d2eeee6f4
b77802360a0f1709
3a22cbfa2dd3d418
db513c7ffe13ecca
a228117d0bf08703
1abf06c82cf2cdfc
c05b242cc62dab7f
25598932b7300c40
17fb0de6dcff000d
4cdfd84b17ae442a
cd15e4ff12ffdd0c
09d425067f3a2109
402e2043fc677f15
817f445bc3ae66ec
d92a8a88280115e2
07e5aef40015d714
a6203362eed505f2
0a031d10dd0efe16
cacfd32e16e90b01
f214fd0e0ff21a00
bac01de2f83b32f4
3f26dacfcf7f1bdf
f5c3b9280605fffc
2bc2eb7fe8def6e1
2f0c9706e397e499
28e2451fd36df3f6
140d1118fce8f61b
34c5cbec4035b2f0
d0f3060009edea15
a2b0f1ff393c07ff
7dfb2234e119cd70
dafd7f012eea05aa
b3de161e0c04bae6
d1601a0cb83da8ce
d49afcca3dce7f00
3be439d42c012094
0f0fe72626044207
fa5e1826e2f7f7f4
a302c40aef0c33aa
648125b77faf36f0
d727d801181fdd18
7ffe31dbd8cd001f
0987bff31cd31ca7
e64a3b2f14eb0681
e7cf9c3d2d25d2f2
fe0fc723e68146f6
11323cc4f4f4fdf8
5a369c541156e434
f39403c0da1a64f6
645610e4f60bcb0b
1bdc29f92755ef4d
a5e00b15f30b1b10
1a1243d90a16d711
6bfc0758044ff21a
13111505f2380374
b81cdde4b1e4d5f1
ea0d16c574cc15b1
0896e0173b1e5050
0563dee40be12304
e4620311dfdf840a
fc1dba2bfbd62d27
eafb27cd5f1273f1
1d1ee91c20144f0e
13640336dcd9b7df
322cc62ef44e0d04
ef00d63527f51fc8
ff0818e8c2f92612
81ec0a7fbfa4d809
e16bfef9f5cd4581
ef5be5092efa95fe
1ff9ef0098ca683f
0dfef12bf22881f4
09fbeb083bebc815
ef2c7ff5a14b2101
fb1cc9afd613fdd3
26c716bb1f001e0f
f63bb401095adeb0
ffa6abcf3354c7dc
1c8100d8c3ebdb6d
d2ca1c1cce2d3907
254e0f198181af3f
218701ccd4e01f12
9a39c9d7f80479db
14b907fc011401fe
f72bb2cf1cb71502
257afc3ed7fee516
e927e91de8fb2403
9f2ae50703cd1faf
a31dc904361ff6f0
2b38e107fe1d40f2
dd05f5fe0306110c
0e7f0c34f801d057
51c3f308f6ffb641
f9ab133ee3081fe5
bf817ff981c5f02d
b8eb920007e38781
042d084027c2c209
cc2ccd16e7fb4829
2b253809f0147fdb
f73a2be4d0f78fac
58f202ec10f5c8e5
c3f322080df601fc
a74e4217efc78dcd
e7c6add2f4182b91
ef1ff4dae2c9c8d8
4206b727e3f805d3
c7c62f1bd87fd8ab
1cc61103f4cf0984
13dccd2a32f33b7a
97fe1eef370234c1
194507170b09b1c6
03e3c5f20a061798
fc3af314fb0044c5
3cd426e317fb62e1
52c01714fe057d25
48093dbf0dd1bb02
2a0502e7fbfde92d
81e8e87f0e204fa7
52b10b06cff9a70a
079c04e4ffb37f4e
f9165cd6d7e529bb
f025184302cea4e7
1622300aeaef2c0d
fe06d11ef5f85feb
f3d6dad63e16b50a
c2035b15fe08e33e
aac2eb0d155b2981
22660c3f2f0344ee
dffce256f82119f0
3ccf1925242f0607
e8fd07e4e1e61fe0
393ca4fd36e82fff
d10a0014fd0891be
fcc7814bfe12a338
5038a4577f5ca621
ea190b3307eac60c
12f30c1afffefdfd
0c2878dfeb231fea
103419d80d022705
6a81aa7f15194309
73a3dcfed034ddff
cd07492b3492eff0
f9fcce05e6dbfcc8
400935d4f93a5011
1fd8fab4030df312
0b1ef1ac37d82fe9
34be3e1805517a29
fd09290bff04dcfa
f108d8c2e6f830f5
8107311b8e7f1bd1
f11adce9f3d9790b
500b3f427a170d2f
ebedf1b0b501cd28
d8c681e14410bb5a
08aa25e12b06b6e8
e62c23ca4dc69ae3
211c6acfbcb6312e
7fc6f409dbe584e7
3b8130193bfc3a46
fce53123db39ce04
1455e62d00f6ebee
0c35088164b47fc8
213be8c5e8e14733
eef91815e8e0c514
1d442af449a1e4d5
2741e35dd77fdbd9
85f65a11fb3f07e7
440929e571119823
de731b08f038e600
091fe50f310b551e
f912ff1314ed71f9
c818baebe54b2f33
47379f0fd2d9cb81
e6f5efc523e52ef6
fdf309067f1e38de
1910c3fbb35d62eb
d1b51312d7ebfcbd
04f3cdfff708f41a
14f03fb132d60f12
2523d3b965061d25
eee2d105143c2e7a
11e020fffc14fa11
f218f6ce351df33f
2404b5424ae65037
f2010f0d8ba5541b
f87f7f1afef632d2
810825032b10250e
ea091d9d40ff5a06
0d10ebb456f6d908
c81043892ce8f103
23edd42dd00efd5b
3de6ce251541c801
4cb42911eed9dc06
10f002f3f802050c
fef8e66affbc1fe5
9519e57febb929ec
05010616b4f5e712
08d9d2ff233cd005
16e9e81ed5fe1f7f
14ce5835f649452d
1fe0fe1c33eb6d06
1f1bb722141ec73b
1f545365dd39da13
050f737ac5edd409
01be14237f1236e4
2dba1609abaf81da
a9e732a8387feeba
2de9fb51eae60b17
0a12e6180b1d3fe1
39333bea42c926f3
bbe913fecb611646
f703cf0343200411
3409de0ddd15ede5
0b20e25d261ce8ea
e0261652151ff3ed
b1113dc8d80f25fb
ca6e4094f7ff0d7f
7faf81078113a20f
f8319de3c71ed23d
7ef434b2a701bcdc
e90ee90b110803d0
1ee906019ec1d6fb
2d5937a2e326c7ca
d1f418f5d728d318
27050112271eb20b
fe37787f181081a8
45d0180bfdff16e8
b723094bf3ea0229
4bb71d3bf58158e8
cc3e1504faf3fadd
acc2f6ae0f15f011
64b927df10f2dff9
fee140d356eedf09
c2ec12011ddaeefb
dabe3e5e30f30e79
17b5da08de04eb37
3ef828b53819ee18
04f5e04deede0d25
e52405f5dec4d118
12660ac4ded1b00e
a8f63b0944da8aff
03dad2eb0908f3b5
001821f03fff15ed
3114ca03d5e304e6
ea3d00a719f20dc4
080001f2dff43dde
0581ed9afef4b4d6
66f321817fb69e99
2ffef8020b81d3e2
23a9f5ee2f18cbbd
f9e0ff0e29ba8147
81fa04229bff30c8
0ac2ec55f5012814
34a20f3cf428f0ac
f00bc411ee25fd2f
04eae2eee039ef09
ff3504f70feb3014
020228fd0208f213
e9812616b1f53523
0eecf6ca4e181c4b
05e51bdc033503f6
e514153fc6e12045
f30dc53184e6c481
f5f3f93c1e02ddb6
74edea2e1bcdc3f9
b0cad7041af20500
aed0310cee5ef13c
13c92f0cec362bd2
d9dd7f34e230fcff
5a1b5e1ddbf489ad
f4eeca0dfa611c42
59d8bcc5f8f9e6dd
e7d4181a1a00fe01
e2040117af0df2d7
07d62a9337079877
15f9fc4ce428fc2c
0cda15c5070b27f3
bd1e06d4f85d044a
0bc3d69eb2d1d701
0b37413c0e693241
2407503df5631e00
00401dcbc3171d55
cbef192f0c08ea45
0cb646e6084c1281
d1a9d81cf20ed1eb
d51bd7f0d5b4cefe
b910d1307f2c19c7
b61c121501fe9930
45ba07ede6c8f608
eefe5e7fe7c67ff7
cef12614d6a2612d
490f3436f1eaceea
5bfc0541f75adb16
8b0a8104ce81e8fd
81c9d7e31024b60f
12ac5a21b23bda05
1cdd1ed703020e4d
2fe7fde8ee1f05f9
e27f13d106f5cce2
c552d501f0a8ada4
0628fa4feae63fe4
affe2af6140e23eb
26d8d710022034c5
38f928daf51fe5bb
24657ea8e91c175f
2651f12bfbb6f00b
c94de612f9f2daf7
c8590f2ff71249f8
ea2840f40a17d1d0
e8cfe7e706dcf0e1
ec3739541390e8ef
e8f2f4a339f0d6e6
1113dececb765f03
e6dbd145d90c0cbf
3df79d11b606a60d
9a6146cc0511cd10
bf3d270e19bc38fb
c329edccff0bd5df
c709bb34f486e3ff
116d1120d90c240a
f5fbd53ff80c2af0
35f00e1b0a0d2213
b722c65f231c267f
4bdf86047f7fd982
59e53a00fc1a2df1
9f2f1241ebe0fde0
04192bffd1b80cf2
c22a811402c03f08
810670560dc17fbd
97c338d710addb1a
2c2d121ce5e6f2b5
5d6f052e4c2544cf
d0402a41ee441f25
624f691ec91932ae
ac010b73ec1fe8ff
926cc4e127d0ce05
0c073de1f0143f0c
140ca4e501cefbfd
ea077b42044b83bb
d3eccfdd0f112ff5
e0053812df442c11
ee81243951bb10db
23cb5c8173b21f23
f8d49b5f2914bd60
00b006257fc73472
3b1e7f34fb816596
53403c0622a7e4ce
ab42fe0faa145940
4c11302c6040d2db
ac09b37fdf0a3363
cb3e010075c7b712
05f0cc361dececd1
29e7561b09cfeb0e
977f57f53cdefcf9
1bea7e0e0158e73b
05e5f3fd29d0fde7
e1d86abad4f6a781
fb0cefa8da22b4ea
81f11ae73512353c
11e117eb4ec20717
01eb030119231632
55124bcf5222c035
02d68e1517f008f1
13f41c032df41de7
f1a91f47c4e88100
f409fc2313093dee
19ddf61dda0a40f9
1703f7edb7f3d8e2
2739830ce8ed9628
fae322551c0f1bfc
f5f0f90b09ec28e5
d4260010093c36ef
27e02049c6e14824
e00819fdef045917
1006b8b07854a156
ca3c0b7f0eaedd2b
ce5beef108dfe800
44eaf81319220018
8ff34bc0b7fd1e05
beb9d1c2d9fb133f
f50d230102ea1606
d21bc80200c234e1
0d00722ff31bec06
49ff4423fc36d21b
33f6e108ede6defd
0de8fef301d9f6f4
6fd8fb1e3b0f59fd
bc68850804e8f0a0
06caede90b01fd01
fe81d8de812b1cc7
88cab2df12ca35f7
063ff93d26c8caea
000ea60ef82e020d
1ea96ce2fbf3120e
7f014af4288d3506
63443a0bc425e1fd
be5da3a63c81f6ad
ba5c81cf369e40e6
48bbfd2812ee284a
1bf25603bf53f68d
d0cde634e7b6dffc
e3351e60f40f457f
11ce1ffd12f3811b
f1f4d30504041c28
d7de15ee0bd71ce9
c0f4da0e1a23c7ed
0650a7f22ed8b6d1
7f273fedd3eaf9f9
01ed088beaa83102
1bb57f8124952fa0
eb45ff1a2ced2541
55a1b4c5df24123c
ee10f2429030da4f
c91e341f0328e806
bc3a4bc22aea897f
f1b9fedd04d6e9f0
cb5b1cfaefe62bd0
d8c6bea74044b0b9
27dce5eb3fb208ff
e85c0f0af4f418e8
324107392d7feabf
2eff6c26d4329e74
87da960e07ec4112
e8c62ae81134090b
1aab3a0b15c4b9f3
e0ddf9e4ff1220fd
ddbc27181132215c
cca50bc811f1cc05
c4cedb07fae1b0c9
0aad08f73ef8c30e
f6c703e20a2dd431
fc0109e7e3587f22
df1ed90312283931
0132fa04d2532f2e
d9b214e20d28d001
e9d4fedb3412471e
1d8c352b43eceae0
0cbdf5211823011e
bc81e7fd7ff30cb9
843286a97f65d789
f434d4633cf03504
14d401930fe91525
dff47f132b810fa8
11f150e11ba015b9
40add00b43ebe220
ace8fd16031a0c35
773754e3b0d4c854
f922193946f1ffef
89f6dd21ce10fd4c
e3b309fa23fb1201
9512c87f16e97fc0
1efbdd001b2cf1d1
191901f709ef0e06
0db019e61c08e87f
a4e92e1e1544efdc
621d2320012d024d
1c8be3f40150ed12
befbf4e11d265000
79a40712b3547e5e
437bb5e410012a0d
1314d632fc2a9908
c627e612d4faeee0
38c62bd60e16cb54
4e7fce46e138bec0
140beafd1d1e0407
81da6146d55f4e0c
049fdad8f5a363cf
62ab3415090e0d61
e8d110494bfb11dc
5dfed904a614f021
27e53cddd5350c58
2ac9bdf6d8e1c9f7
7f34afd6a7d9da7f
cd5b4b98c97ffb08
e179dde059db12eb
b3fd290028e62a38
0dfa230731e2d2f7
fcbd0afe0482dcfb
42aebb812b6a5d40
d29cee18dcf4d8a7
0c535ade04fc3a12
e7c646e40fcd3d0b
135d0724bf0a1a27
0a07dd09240dfa21
eba16d09c747eb71
eb0702f0460644d4
1ea11ce891e993ea
552c81bb811603c7
138162e5e7001a2c
e91d36e3bb1826b1
d1b3ef1cf72e5ae2
f41cff30fffef1c6
67202cf3a9c00661
401b1ec53fc0d837
f716fbf740ba30e8
18a5fbc32f18d6d3
1e3bcce2f0c93dd1
32f8fbdeec22eaf2
c9d40bd4fa12e0d8
236edf1625c926eb
18ceecfb042d7f1c
19eed1ed411b26d4
f094987000593903
b7209b7fd7b6f6ee
52c6f423e4f5ab48
f77f0631f7145404
de29044c4725c165
5fd80c5bfdf3a70a
0e2cd2182623270f
132524850a0c3ce6
e5cd1416edfada1b
caf3fd3342f3cef4
d6f7fdf1daf623de
07140014d9010609
e2cc0a2037de11da
3eb8e45e3131cf12
e313fe240203f607
aabb810724e43a40
4ac3261b1516aea5
f622fcfd0416d971
be6ff14de7f9220b
7f590bb43709df33
c7c10b6de605e5d7
fbb0dc3d0bea1b0a
6a6500050ec18139
3f74433ad5b2f825
be7fcedc3a7fd8c1
d7000e56b00afa53
c3f027d71dd71507
a582006a7f16d181
c009134bd301dcf5
142fb72d0618e5ec
0be5130cfe131709
ac56e879fd0945dc
15f229e03ef061b9
1e08fe270964c541
dc12a4b8f33d51e7
99edc50b43e45381
d4bb0cd60e4139b0
16f12e44b7f3e20d
9229ff32f4d73007
af1e33250e61973e
03f6de4a90c0451a
50cdf20de7fe1bc1
c30c0702053a2a57
073318097fc81665
e521f6771b7fcbcb
f2e1d933eafde9f6
810bdf4caebca3fe
f405d9bc1f6c5f5d
2016f67f26d30eb0
86c1a8c0c1efc963
27d0ea212fb825d9
e4dd05e50942f20d
09cf22affde9d2eb
10e97f3b2bd7110d
217fc01be0ebe3b1
16f7fafce50f0c22
36c4291ee807c701
1e08d8defffedc23
5bb859ed3700112f
dddfca64e31606d8
20b30e24126c79e3
48f638d0ee19c506
f7e04fd7d7ace0c1
fddf4fe7f5d90d35
13fad1ee339a7fe5
3c0a1c06cbf3eee9
9333100af1b91cec
e3fb4d1f3105f9ea
522e810a1aa67fc4
edf9e93f1f13f905
0d90ccbbcc32ec47
aee22bfd3ccf07e7
9ae417faa8d80207
ba19030c01edfa0a
f3dffb290a57e3bb
06fd19f61be823f8
81062e219925357f
292bed040be8bf0c
fc48c30401d0d9fe
4cefba812041daeb
f6c71aea649631a3
edf0fde4f8161720
10d232423c0a0416
007f27305c811df8
b849bad87f2b0f31
a808f445f8371a07
44491faee7d224f1
2a08c618e704fd28
1bc50bff0c48f3f6
9138ee3deb5007f4
d11915c90605230b
252d594328e52e2c
cde7f9de25fc0930
f7b514dd0cfe1837
2201f5321300d501
1e09cdb6440f24f9
420a040d0d7a27ea
f6b40737ab1fd208
1f74dbee36db8618
7401fb7f187f5219
ce170721e41fc8cc
fbe53c2a25de376d
0e0c3c02ce04d31a
9afdd60113c0d96b
89a127bf7d02f40b
e4e5f7c5d4101306
33ad290cbdd9fef5
fa7f08011d404881
d705542800ea0816
29c2ed1013e1ef04
0a027f6354fb0c3d
350ce6d87f0cec17
f81613140b101ebf
81a90d20fcb3104a
ecfde718fd6010ff
f442b10a62eddff0
d3d9f31316cded9d
08433bc216f91f09
53e01fe11f0e7f46
c52b2a311dfcc9fc
3d5ae23131e7f5c9
e642e0ea323918c6
0a271beaeacc0bed
01a3e02f2b05dddf
ef1f05d5f1100438
a02336323c2d05ff
f00a2feef1e5f5d3
b16001e415e4e132
d845330404640ae4
ec8216cc4581c0e6
1bc09e3623201eea
29280cde23cf7f0c
ffbbc10d0728c112
a9c9e730fffb0b0b
dc5ae25e16f9e72d
b50d254ce9f489cd
1ae2de1835016716
1a970fdf020307e4
c106b8effb25d7f0
ed000814ff27fc12
eb104d7f3e35b9f0
3637ed4701bd2c68
0f1e07060209f306
8171cab6230d2ef1
d51901cccf1b2bd0
2c9a2f01f2ea0017
28110212e7e75bfd
b9fdf8bbff414943
15d2f4330f07e63a
133fe20f04c290dc
a381b9c60ac1f620
fbca13b212df08ed
30053edcb3e503cd
2e611d0c0912f012
fddff63510043342
d340810b81169181
e49ee120deef9213
e015342c1942fbf0
075e271e131a041a
19401844ffeaf1f1
b81b04ca1937f0a7
33bbfaea36140028
811f10ace7f26743
dc1dc6de1ae519ad
c31bee25273fc7d0
e205d8a5dc9b202e
642432dc3d23e4fc
00f62ecbbfca07dd
9cf133d908b2cfb1
c61702d6eefb03cd
e825011309440319
f3f8fdca0824f50a
ff401037422ebcf6
aeede18640ca541b
e805237fedfe08f0
edded5f1faeb370a
37df2a11edfc30e0
f1f360f87f38cbf7
26da7fdf02b39e11
04111cc8f1b1f02f
690801d82bff12ee
2bd127f504c50e2b
07dd24fbe2bdd63b
ffd7fad1ef81c206
a428e8730a2383ee
b27f0c22dd7ee453
fc43fd00282ed337
10bb28dbdcc7447f
c3f4efd41f069571
0f6f8a1a28b59500
273005daf4f5db55
be110df8eddf8130
b82f2364091d8b30
0cca18ff1b06e5bf
272d0de455201fb0
4afb810b02f82136
3f48390cd6010bc7
11f318f2f9f07ce9
26b5ed7f990f2343
8fb7adb655f0343e
c9f82322e816b147
53fdb9590be0cb5f
693613016e0c2e0e
e79b0b1fc0f1d2f2
c924d710eeea21d4
dd2950bee181792d
d028b5fa07d96981
16ec0d03f2f2fbda
87816f17d90281e2
08e4c44d8df2ee88
22f5e30a000a20f5
2ace03db01e3cdd0
471ad1f8263c2a14
81f4ca0a4cd5cfeb
64653b152f0dc1c9
fd0964e1100cf6e8
15e0c7e0e0fdf6f6
b1ef761181ec1f28
2d084205fa040edc
db19651653e7f0e0
9bfbbe01e9201023
2732ccf90cfb2370
e0d92c0dca3d0ed8
0e13ba0d2808ed3a
ec32e6e424e30b93
f62e8142dd03d497
0f0ef49bc4e60352
dd2113539a1c5841
79950a33ee3ccb07
0a79db2681fc4fdf
e21c0cf861fcaa2f
11701f00f9e7a5ea
9cfb1b361add0819
81e6443a11dd3bf7
f93012ed22fc0a3f
0321f3f1eefd0606
f80cc33c59f5e2d2
d0e4cb06f8ebd5cd
45052afcb1d22502
e426d9d2a2039b81
d1c815f6e0ff0fda
4c0a043ece3ef0d4
33660c18c39c1823
171efce012eff6f7
20e7e92229e03f0a
4f7f1d10aec6e43f
170d1cba021bedfb
e15d36ddceff3f55
b202c94c73811831
2dfbf7ddf72f3269
d765e4303715f649
d7593541e7da8137
dedcc945ffcb25e6
501ed9064236d4df
ef13d301d1021439
98e1efd62209ddb3
02b40d81c5e51528
dced30ec07c9f521
e70dfd1bf53900c6
ddf3cc3e01f4c8bc
10dd4f052df3cd3a
56f13ea58132110f
aed5063e72c1ff63
c909f2e7fee5b483
812911d8d4d65b48
0cb01af1f2b2acab
17e00040e8ec2e2d
f8bd7feeea6b2009
202120d6303ad40f
e4cae3e124174f2d
00b3d0f85fe5f98e
f6e1cbf94bfdf0e0
c7c42be1060eeb7f
c6ca1fb74d81c7f8
f5e8b40aeb1c1af2
3d29945dd8c6c5dc
4dd5f0e6832d81fb
66de798170ce2cfd
c72cb9f8aae33ddb
1afbfb0918fb02fb
f5d0cbe45108fafa
f2bf3ec6040047c2
eddffde0fcfcfc17
2f81743f9ff4e1dd
edea24122b52d906
b80748e1a7204faa
10c83c64d6341270
0831cd4713bf48e6
260c4c27a809271b
1f02e0cbe9f3feef
f8134fd70613ecfc
3fe5017f9dc03f69
df1cd3baebfad60f
19bacf41813abfd5
13fced4415c7fe15
5b427f092dc629e8
52c843051137d252
edfc64fdfa68f883
e8e8faf41d070cf9
fc05e6201b021112
c6f212b4fc06f5d8
0655cc0ddf221cce
08fc0d02e9ee145c
50122d122e3b3ac8
6aecd2fcf4230809
2bef85270f7f5f0f
f74db50ee4d326e9
1ee80809f0100fd8
18f7faaa250811fb
fd02e6f109f5dec6
55be2af6df254f1a
2108a037f129c913
df7fce0d31bc8181
68f7cbd411de24b2
e9f75e003fa0193d
7f3d386a6b5bea65
dfd992e0e404181b
01f4dbefc715f8b1
e70026f7051a18ef
9ed7a519d3fcdef9
382438ff03f71df5
61d6c597cdd71909
e8fd55060c2915d1
93f1e58160dffede
bbdfc539b43d272a
31d67e3428ec020c
1c8181da91a08147
f70afa25afab0317
7ff403203b25003f
52de42bfb451ede1
f91dc511de19364f
ccdb5a371aee0d02
bedee5a41c253ae6
2c08dc27e0d4170c
ee287183cb2b11c1
30041db10702feef
00dae4f2f77f04f3
d935afc0f7aec981
a4f6f8f117e103f3
e0e233ec1ab83808
dd10b086a969c054
a2c43d3981b32c73
3104d96601af07d8
c5fefc13f6dcfff5
d6d620a83006f827
e3dd5acf022dcdf7
1603350f05e722e5
3110dabc3507ef1b
0117cec3d812fff9
4810e8fdec7b2e2d
fc1cc5d54ead0d13
e333f90c1ad33c3d
a303771816670f0c
3f203a96a0da013a
381d7f16fc081af6
8123300b2457e3cb
ec2841b84207cb4b
d52bf23fe84f5614
ebc039c8331e27ca
40c9a7c7edfa1305
f5f0932bdf55094d
1d73fe79e881227f
0a1f1ece19eaedfe
1a12070f0a04ff08
28fa129e397be138
d4da398e0dc7f910
5d21fc7f16120408
1d0e2239d8fff80e
13d518fa05f1c406
bcfaffbf221afd05
59bf4003d96b7ff1
2cf4270f0a1cf516
46811924f9cd2129
22321aa5363c2b41
f2293ee72bfbd614
e141f5040af7ea08
54d7d7ef81c00527
f1ed0611469ee62f
cff2084aee1adffb
30c7f1869a04d70e
cd0405ffdaf22b24
55368fd61486c227
03fdfbc7fd0af3ec
8df10498115029f6
96c30b1bfe32ce22
c4f73d22f2d97fd9
e809ea08ed252622
f1330abbea4ec519
08d6ee0cc0c2df1b
f035f981fe0ab6eb
4ce753dfd37fc781
0dfaaa192ae25a04
23d650f581f5c6fd
7f14bb04fc6e17d6
0c0a172fed188ff6
2b198103dd02490f
e3e644ff1ee3c51c
f60c6ee1e4f919ea
e7ea04295f873718
fbf8e30606f2f806
ce03e60aaa577c0e
0061e80efca6c7f6
edf8b51ef1eca7f1
19538bfff9f06034
ebefe301dbeeebdf
fd0ee1a763c790ff
050e501061e4c227
021ff50f16fffb11
ebf32cf1e438e1f9
ea590bc5105a43eb
00f3a8d01602ebf2
2d7f45053afab041
d700210a3609191c
e4e9e1ef0ffde5fa
1a17d98f19edd2e7
220705ff0a1310ce
ecfddf22e1012c45
1197f7e85b0247e1
f1810abdae13201e
ec502bab5edb1249
474615f6811d1110
395bd4062e9c2224
cf031293360ad5e7
e8fd10b1422c0e07
910be986e1989beb
3730eb2ed654dbe8
098f0b1ec90a05f2
dde0080ff427f80e
18290505879e0b10
2e46d8eb410ae9ee
fa7d0e9b1db922b7
c27ee8d4fe2c0cf4
d11d0d01a7d10c23
6d250298ea017fac
dfd2f9fd64ed459b
f9eff6fdac1ff708
7f56e8fdc5ca2350
a215fe627d2d3902
dd22f2d7001020e8
f124e2fab1e0f407
fc8b7f7fc144adaf
ede5e8ee8449e845
0ce8060deeecf414
286d3af7da81e4e3
3bc5efecfffbe5f1
cf9ad5ddfde8fb81
fbbe0d0d740407d2
279118ced51e0b26
f1120f28c7d351cb
572c45f4ee053916
f1ca3efbf9be24dd
5dc0a91208fcde03
d40a4b7efe03aff2
811570f62c3d3b93
572b9429c00e912b
1810f605d7eb2a40
367c3eade178b8e3
2de3c4ca010921b1
3d21ce14bd0eedf0
e98110389f2b06eb
58ddde42f7342ef9
f058074bd8114eeb
d72ff337e414002e
1604f6dbe0152124
0e0426d8e9817f68
e45c81a68f445dfe
3d250319f0020527
c50d031b81310e55
dec8f17fbbbffa10
1316c6ea0cda02e3
e734ee8cc0f63b15
04e4e5fa12e5f9e7
cca70827f3e62819
f6bef83a395603ce
1604cff0f515fd0e
555e45df9ae9e981
13cb4dd339b7f607
4b4eaa4d2645e0cd
c225e3a84f85380e
1ef454bef9820f0b
fc92e822130f3bc0
fe5aec2b3222e7d1
cf2bff100df8fadb
e0f31de281200f40
f4fd0b481108c9f6
18c50281d2cf00bc
fe7fe70610fdecf2
06ff2b13e615ef51
d6762d34b79709b5
7f2c12cf13e31a7c
f205fc071f201fdf
ff0203050d0c02f5
e90c26f7ff00fa05
e43714e715d7d8f6
24c7f815fffaf2ed
000be9d1ef082f17
00f0fee9fbf6f2ed
16302b27ff0adf06
0f11f7c3ccc4ca84
1ff0fffb1f1cf708
0cecf9eae2efdea8
f21debf1fb33f905
21ca1603f5fbfa1b
22201306e12c430a
f319cb17248be4a2
2ccc08ec1330cb29
befdf5e201fff61b
7b158161e53d7f54
ee98ea00190ce103
e9a00e251838b027
e834ed0f0dd52d01
d6ed16fbe802f27f
1b05fe321c8125ce
200602bb2627021e
e5fe50562827ccfa
00f746c6e9014624
3aa1ffad44d60d27
f10637a453e71109
dfe70dfcf413dac6
091a0400092830f0
e9b818d51a0f302b
d4f5ff4fdddc7204
e2f5f323680617ec
c4cdf08d9befdaff
f8ee3d1e60f29bf2
7f1d7f818f029f21
fd7f147f16dd18b0
f8f0f0f8130804e7
36fc1cc6ec1ff129
13ca4c381d81deef
0825f4fa24eef6fc
04f9fbe9290f1327
440e56f83efb7fdf
e0e9fb15c3e6ef1a
eb04105f50056612
0b020908f401f410
0d21ffc102fc2c29
2e3e37ace2f83a13
eddcdd0145f0f4f7
f1476947d1209d81
0e0e150bfaede80e
36d302bc81c56c06
34e943ffcdd209f5
12e3010a3ffe214f
1bf6eb16eb18ce3b
a30039e6f6d52cf5
99082d0948971db2
c006814441e8f5f0
f410c6071f641749
a6f0f51ffe0a08cc
1936244201cf047c
1121d14d4bc057d2
0d693016d60b1cb8
58b9e209e8d14c41
eadd00011e41cafa
fdd20efaf408fbf5
2b7f2c01f69c322f
1fe8f20cdee02d42
a7d1daec6deaf615
1907070c199d3910
c3f32205ed0dca37
032ce9ed2be2e53b
0959de9640ba7f81
d405fb0c30fd1a12
aba6e8f6ac22ed0d
49f1cd07ef110e07
ef2c0cfbdb8119b8
1ccac602e2f6092b
d6ca1af28122ff16
10c4d1e80a9d5455
fdc903e44a3d12d6
33bb25ea1b2af292
eed220e341970ce4
811b2181e1f05708
3dd83bfadde4f50a
e8e044f32521f5bc
38e04217ad03e650
fbdcccf73c21f1e7
10a4cbda0ed93aec
2e4f131458ceffd2
c8ee7fda104281e0
5abad72d2b163728
124d64bddf88cd0f
6a57f033b042e309
4215c4f99431b4da
15b2e006af13e5e2
e43ae2ebda08c4a8
15fd1141d869bea3
1621fdd0f8480612
0570cb7fcbc22a0a
02e58f37eddc19ef
12c629fef6101529
7f2d26ee42ee144a
2d1b37b8d13b006b
06cf1cedf129ea0d
1881d5faec021303
0505bc540ff4d87f
e0ec31d1f47fddd5
061a5af6f7e7eef4
fa2a0ef80105dae8
fb9e29e6d402f3fa
b960153110f21aba
1830bbf8eb3c130c
1500b9b4c7b1feed
31bdd8f2c00337cd
e8466f697fd3efe2
f6d715f31446240e
db0d21ff09072dfd
2cf0d70f3dc82947
f54c171d0417f556
e815ca2410330fc7
2d0505527f0a7f25
2bef4c8612d02fcd
9bff266cd3dfc400
f4431ff32af118ce
dbe9e6e4faedfbcd
f7bb8af1ec0817ed
65c016e3162005c6
ec00f6f5f3f5e9ff
e408f30becedf312
c53af7c4c3de3116
1df638fdcaea4418
1008d60bfdda1ef6
077f242bfcdc2006
d9e7d71e1df9042b
76d6071e247f0f23
7fe3c8462bfefde6
0c090e1ee2f0f70c
142de4fff2f2f2b4
38c245b316b6300c
22fae634cbe516fa
5bce0ae2fd0134e7
d406e544f5f7a543
3e17434a2e13feab
d5fc09d81b0e0ca4
9fe6e5dce8e61904
8f19f4213cd6220c
74127f7fdf470917
9119ea4004f11b02
1d180ee92fcdf040
f02743e6e1d92b81
1c29f318d252f7e9
c405f02401063413
d31f05e6e908f630
9c0ab7323f07fdea
f78e17e309dee0d5
7ffcc49781f7380e
90b7be19f4c539f0
12fe0581d3041b1e
e9e971f70640cfbd
e833f419d2eae2f5
bacd2ab5ef17eeea
0915e2f8e706d33b
09e0dfc86681fdef
877f7ad90febea81
1fea17fbdfe629ec
9e1dedf3f3e1c2e6
90275e0ee201b756
f90407f413f802f7
b5164eb0ff11fbe5
032bb9f638ac0b21
8a1addaddc100fc6
c60d15e95d131d1a
0d01fbf8120e0b0c
e9f954f4fa07fc00
e60cee531ffadd0a
1cfdf1bc1d3002ee
f7ff81cc2e12ea4d
0716ed0a3c45ec35
2cf0df3f24090299
f3001be6dd0181ed
21ed3421f603061f
c319c5fcfffdf0e6
1451e02000221dbe
fefe1314d9e9eed5
30b6a081f91ee428
0fdf1317049ac7e6
e2f52cd2edfcec0d
19057fea0bff1a30
f9ce4afccbc30f1b
dc4ccfe5f8938117
ffddfc277f04d4e5
9c5d211cff07347f
ea09ee00f6d70c11
58241117eab31215
a9fe040b22321010
065ac0dee3d21fc4
81cf987a603fb635
2a33e3472decfa18
fea7d5f4e5fe3907
2371c531cb13b3db
059708a323c7674a
1ff7f4ac170736c0
47e81bd1d9ab00fe
2b6d2fe5ddc635bf
3d12fb530ed02906
f84639462b62f6b4
d1f4f333d5cfe1e9
b89dfcd9f1cd1256
f37f152d2b01e5ec
2527f4973e819805
15503922ec25fbe0
ec35d7f70b412706
d72fdb0a00dcde1b
f6fd0f17f9eb2fd5
ecd0f7f8e52c12eb
d1cf8933f57f2a3b
288fdbe8f0e23dfb
e7faf70406e404e7
07f6073f131f0115
e9257bbf170d224b
02ea811f0af41720
f4ff0cfd22ebce17
1ef5e37f180dfd03
09b3051af38e02da
e0d832f34c186443
ffa6030281c1fa03
16f211041200f007
f3f31ffdfceeeb01
04fd452c04e10cdd
dc310cdbe6a58113
1df8aa370a31252a
bb2e431bc4291433
dd247a1c28d3f2f8
c2a9f117e623f7f4
6b7fc7033632cb19
f429ea2cd8eaa581
f5dac6e93afc1c43
d8cb15032611b43b
ff3de6121cf61716
58dd110afaebcaee
f7f240e7010dfee6
273ddd0debf806f8
02fae20845e0f624
e418b21023e704f0
8133130e00e60e0c
02f7d6e716c24e22
0cfa2af0e214fbfe
ed11fbeb0cf0dafe
f03b3bebf4b2e002
8143242c194c0bdd
fe3207f0052cea81
48f0170303eee328
05c931f4f7f65b3d
59d2becfbf127f30
db12c8c505f4bcd6
d995c404296caeaf
e90df01d0affe5fc
ccdafcf128f343c3
1a22200d05168f0b
500d63fade03e3c4
e81ee568ef2bde01
0e0628f9f70d01d1
09fc252a0406a6f6
00a2f9f07f7f182f
f37fba0191e3f9f6
d7e0e828c4f5ebc9
071607e9e6cbd215
42f4f018d0c2c6cb
353718e535f90402
b3e27ff6ec5139a1
f1f41cf2efee0a33
2719268149140c1f
4aca2bfcc4f2f1cf
1d12090840e843f1
27afd5c1bef3dc06
194506fd15f9d6f1
13f00be0fa22e41f
db0ac13ae1fa1b21
eaf5c6e4f1f7fe04
3481fb0accc40ab9
e5d37f1df4cef87f
fa2f23dae0dc1678
1bfa04da03e7e6e8
2c1d2e5bf581ebd4
0314fb3de80be0f0
4806d0310ea90128
f2f6e9b6d10a19e8
0aed04973ff93318
b5dcad13ea37df14
422e5885cfdb270d
fc06f1d5e2f916db
110e07f5eefaff46
08143062cd020b14
f0d0fe5612b92153
1828efeeb821f0ed
dd973e7fffc3e85b
422c42d3cf57fd49
0c0fcabadfd9ddfe
2d50331951eeb3c1
0fe4f93581cb7f40
d9f50249effe7926
e8e71929daeb4e3d
81fbdf43e9ab2315
0505132df3fd4718
e5e5c0484640dc2b
dce510b902d9fc44
2d40e9bd1d52d2d1
23fa18cd0b03f632
e0d60ecbef68373b
9804e2acb0ced211
45120305fe14d83c
1302d709db10f507
56750806c968f0e9
0e1fbc0e7bf304de
45f49e1af2ebe338
2add35ba0ce22ed6
e5f20a06e1039707
ebf71cf10d0febf7
5e53e9080acfba08
a5ddd6166c3d7f06
f8e1210f1afef0fe
e007ea07ee1c2e15
0dee34f4cadb2d0d
681e1bf62ca6d4f9
0eb7eced0dcfd97f
b12eda24f0fce506
652587fc1981c523
814c074f81bcb7e8
caf0000350d59c01
301710311ac154e8
1b1c26f7dfeae6f7
0c1bd61fa7fdfdce
62010af7e6bfe30f
c0813bfb6faa3f49
e923f007f0e421f0
64bd81ec979218e6
2c1a4178fec62dd1
efc0ab7fdbf40c1a
45179856dc4406e8
d3910b04d8c81bdb
c7e2db1b1f291ee0
36edef1904da9dda
bd0f1012ffece6b4
87deeaee032ef132
220fec27b3264bff
04e61fea0e1c0643
1007f60cfcf5f3e8
b9e9690bd93750de
0dfad8e302154ad3
a62e07113307fe11
ce0de8faebe8cf09
0d183da0a709b9e6
4120fa9f55e3c2b4
104932f88111454f
5cfa09e305072eff
19eb0514fcf4def3
d1394ecdc9d24033
f2bf3a501d4ba205
0f711d489833fc81
b9813b323013bedf
7fecdd13161da962
e9121103ca0b0391
33c6095013fc7f02
ed405cdc1381b007
c03b817f1d134d1e
fc9b4b1150d61def
d85305fa0ce9e8ea
123a544820c2ff1d
b3102346e803efcd
06e5f2d1faf807f0
f9a504f55abda5dd
26334fec16dbbece
f6f93839cbf863a7
c52f38ffe6145b21
d2bf38ed23e5c7d0
f3e1fb1def1ac9f8
dec6c2edcd1ecc32
e081e7e1b909f031
95f072e095f4e5d3
4435feea3bfe1ced
b4ee170ef4e1fffe
5bc8bb2330e7d6c9
29207239d2add0e7
b32fc0a7084681cd
e9200b0f20fff900
0a22ef14cdf92107
d7f31dddf814f00e
d797c636ce1c8b20
7c91ed47a9f70381
e71ceeee14d3ebf6
0edfeff808114904
384eef7f814f03f2
05d311fa52d804c4
eaea81331ed00a13
3d033bdc4a204977
1be211e2ec203550
19b01911ea08ffad
521af922665ee01b
16f515ec2b0e0e17
7f17d3f3117f1bde
93fab6eb30462f3f
bbff2b225633a2b8
c9d720e81ceeb2ce
d5f113025f1c161d
33d2ba1b00041114
014156ff30fdf9fe
eff6e0fdd9d634e3
139ebe4af0f910ff
7fafde8c031352f1
f60d1407caebc30f
070207fd13ef0d05
01fe488201e47ffd
fadfe20d182431a8
f80fc1183bc5330a
0c1bfc030c0b99ed
f14514d0a83b110d
cef21b81c3d4d0ab
dec0161627f92e3e
18f8f01715fe05f8
f10afdf2ee12e2ec
e5b430123a120f32
66f1693c0ce7b807
dff9d2ded700b6e5
fd6f34bc245513a2
3aea2442112548c2
f3813534ed352de6
c40b0ffda5c70c7f
1e33009581140e03
511ae2fdd0811229
e42d44d5d4eefee6
3aec0324fcdfbb16
e1f5e1e01a13d4d9
231123f045a6f916
14061b511f123dcd
0203480a525fd3f3
eff110d305414503
0c3f812415bc8102
510959bcf6e5edf0
fb592212f0d7321d
fd31f4fab10cfc04
a5c9d2d1d1bce442
48ea5bddcc267f50
1fd5b22f12e937dc
5f1c640462dc1110
f0f21e09e61bd610
ddefca50e92bebea
e32332e5fd24a8d9
15f5c4ddb55fd9a0
0b0fe2fc313c260b
372ffbfe0dd84381
b4a6fee1111fead4
db7fe919dbeb9a09
7ff3c38104dad658
0d120703fb04dd21
ef6166260815e0e9
b8d443dc49ff43eb
19291c5de0815800
0f1df2edf104d13b
0213121436471efc
f70898057f2aa0fb
3255f9fbf7730dea
d4091efcf9fe0c2b
0fccd50dd5fffa0e
c1eb7ff20c5746bf
610dd9feded9ef7c
2a250137cafaaa28
fe59493534e921ab
e1cd16d8c748a3c4
1a1117f913c1f42e
01041f133431111a
1eccc2e5ecfe29f7
3a602bfe49e706b4
b89581206a831c77
edd0dd02d8d9eeec
017f11e7f70dd1e3
3ea141df00cf6124
d59437df511213f0
20fb1f193edcdee5
171ff6eecd05f7e0
d9f4dc81d329eb29
7f102ad41a7f1cea
e89f685e0d46021a
fc04fdfb0f0919f5
0425240d0f150804
23b52aed20c4ec30
d531fceeb31f12ef
c71d4251d5a462e8
cb88a83788268109
f26e0005d600267f
10cb3b252e4e45c7
7be9b52037fc5948
de230cafe009fa3a
f91452f0e21bcbff
0790e4aa19e756cc
123145ee5e283da4
0be5f515b0e1f6e8
04820bb3371303bb
decd192e5511f114
da0e5ad030a0e1fc
fe02c0167f0a6616
2411f627d1be3922
d483f9012f02abe2
15262a13e90b045e
10f8cd080bfff1ff
bfdc0837ee48dcf3
e47fd1bde833bd96
f8c6e7f6ea2be981
361ac58dc4b9ddd2
17bd0a2e35e7de1f
061311817f2f0012
ff085d5e0016da98
82b2087df8a8238c
20edf9fee70806dd
59de4fe1f5fa3945
ecb4bcfeeeeed0f5
1578be780be17f2b
6ac90fdb0dff41dc
f3181f37fc031b17
e01dfecd0402dd4c
08d70e2d27e33106
812ad19d8233b1eb
a82921f506e30ecf
652ca13f1a3b2428
2b4a1a65f836ddc6
f0220528fefff6e2
20047f4409dfcf28
e60a1b36faf22de6
b4d6e7de90311ade
f42004c6de7f2aea
166f57d509dd07c8
4a51006f02dd30be
a18a1722eff53716
f91ee2d5ef1a02fd
e12fea16f2014202
fdce29f53dff07f2
7fda1ee8f0fdd9ff
d30ee1d24be4ee40
0afbc00f10f9fb1c
1d0cececdd030a37
ead6e8ffdabc44ed
01dbba2df63d0301
0af415f6ee172119
0af41bfdf30029f9
8fee7f810fede434
32cab988de0d1ae0
7ac3fe29f7e8df2b
1201062009fb0b09
06fd17f808000a0b
7ee4f7e1c8e37ff3
1ccd9eef8f230ce6
06c0e306d8234242
6c2747f204188875
3d4810f7ce1815d4
44301121e80bb82b
3381e2d90935e781
40ee02e047e3ec47
533f25f94e5296fb
7a03360c0715bf98
8ec5dff72fc94703
030e28dfe6093068
d6d91aee1a27efe8
eff1cefaec09feae
2b35e381810b06a7
fdcae5dbd2dc4af9
47070f453a81e2d7
22edd9e5233f4109
df2e90f32343da4c
ffbc02e2e533010c
dc9af4272335814c
ff00aafde9489ef9
4fe634e8d30f0501
3667f3f831a13bf6
f2dde71f0842180f
ae2f9f23b5080ea8
fcfee7f2ff5c9d03
032a2cf242171d39
d03ad7eff4f32bf6
0f7f2b3befb8eb5f
0fd06ef53ea9e60a
7fc3f8f009b43bb7
68d83cd7bac6171e
ef211017f8d01f16
d2e6f7f6f4d24f1e
2afed7297ff32e81
0710aa7fdffaa52d
13c135bdecf53df7
1635be4fd5e17cb8
f7e9d5153fd22bf8
2315da3325063908
4b0375ece71a1c16
0e14f21001142504
fcdc7fd42dfc91e4
f5bab502fe7f1827
f8f055e9d54bfff5
e61902481f189dcb
dbfa19182023c50d
14392ff240ed12df
bb1ed04ce8f32a20
bdf615e1e030f31e
bfa97ae22627341d
81fefa532cc0ffe4
f0dcf1f9bf1915e2
e43fd9f606bffc0f
ad29150ba8d117bb
0803edd511e9eda9
f3ebe0f6f9f32bfe
f27d051b3237c713
f806d252b5080a05
20fad60d05f405e9
ecf0f25830b60cd0
04c2ffe60cfe15fa
1814e9ecebf60505
d52f4cdb7f15fd7d
17c82ee7e46fe904
f3052d7f7160ee3d
ca0d1751fae97f3d
6924071e26b9da49
2cab05e904bee020
ea3512dddb9f0813
251781e521e6eaf9
0efca9954223288f
47223419df8121dc
fddd0fc6e1d52b7f
34f1c91439f50725
03faede008c71702
f4d00f1ace16e2dc
c7811d8fd257c46d
16250b41b1d9e71f
ec1d431a54f60e31
23287af80eda4406
4cf5022031e8a3c9
d2e1f0cd0cfe13f6
cb13ccf8281b2416
d51920501ee87b11
5cd613d91d217f20
58bd11a67fd5eb54
f41df7cce9163c3e
bbe97f21bee219e2
b206cefafcea0c04
bd7f0fe7171049bd
e9f40d01d10cb80a
d1dd46b621e80811
dafca534da140d17
3504223bc909ef04
17f63fe8d0f6492e
cae1f1fc1fef620d
141fdb3bfcd7a4c5
f9b7c160eff3efd6
be07d8ebf540d781
1a11201c301afb14
e6aa5746393bef13
1123be7f197f0fd8
e4efd24ccdffd5ea
59be8dd8f3ef936d
c8232825000c64fe
7f24e702b00e07f6
588f7922c0e052bf
05f7facef419b5ef
d2fef9e32917fddf
0e3e3aec2dd464f7
03f3dc01e515fe13
32d7ec15190af955
dec6fd1a21ea811c
c08d50d04b25be09
812e013c9ed9a503
00dcde0d19e01216
140ff6fbf0c90624
03b363084517f000
d03811573d0403d0
e4221b2b18ee0bed
cdf700ea0ef24909
febc35d400f711d8
94909ce292e2f925
d620b519f60623bf
f214fc2dfef6f900
1ef80904eaf1e406
dd17d325cabf27f7
c626aa0797e6e016
cc1413cf3fca37b3
ecfbd17d1928f1fb
0f11f44df72523dd
de7f0d84c026f405
e3a9ca1759d8227f
5e067f2c7fd60fb1
1f06f1202bfdf90f
d6f243feb7272128
d56a0f810cfbe06e
03180f2a12040b17
cb5a331f0defe6e9
e5069624dbd805e9
d7fbe32b88814832
31ea8927060b00fa
e9916a439404f2eb
c12efee832e6e5ee
eb2ee2f736ff0bf2
b33edb5c3eb30a21
b3e7f3e0e9e63f7f
46ed054d34f4c462
3c1600e90ce06d59
1d001be0a981fbed
3434dfc905ed1c2c
e908dccf970137d5
4581067fbf491b98
f8edfe1a88317fca
a8c51bbfcb053c30
2406f3f30e20c983
4918cff9225e9ed2
b336fd15e6d016c8
e4f90860d9f1dbf2
f704e7edf5f6e9f8
f3ff0fb9d4f8f1db
22e1fd308118b7a1
090b070810deb379
2d0d04234146db1d
1ecdf01e324ede6c
ec0bfad32303eef3
ef0c14191f462a0f
0af21e18e406d0ee
14e5e1e906fbd03a
20eef2f914fb0ff8
16ddf6b91d99f0f2
11cad9ee641ae02e
81e6bafc16a49919
f2d51df06809dc3a
03397f83b4ee1e5d
181d1701ae053631
e7fac811ee24b9f6
52b32b1c455eda04
dfe3cfa340bf04dd
effcfaecf0eb0e12
0d5e7f4bfce2b51e
61b6edfe0dbec333
d807f8d11437cde9
e460539a42d50405
d00513e8d11b231f
64c7f8fa36552905
7ff6f638dfd91826
ff696169a825067f
fae448371d5a7fe3
cde3f81e19ebb2ce
e52001f5b301f0f3
98c4b9e205b6d321
c0cad581e80ab62c
95370940ede51fda
edd17114cb710aef
2c11d59fe73ffc31
f7ccf1d817320a0a
f6ee1b3be5bfc3ea
1981af0c25f4e3cd
fb3630ef7f3ffdda
4eba9f3ef402bc19
838d1b02a44c6341
57f0ba0fbfcdf805
9fc82b4ce7f92f0a
f30ee340a5cbfd01
53c2f4e13016bbe6
1d3f07f61a81e1db
5278d0200debfcf3
bff5f958e84f81da
f1d9ee9952dd6505
1e3cfcefbc8e31ec
cc4a0ac010e5b2e7
5d22cd111deff1fa
18010afbc0a427ed
a5c8f21ffbbaf6f0
18fddf953e3a2d19
551861ee71d0786c
d23e00a009054710
5d2d5cd3e1dcbf6a
06ecc52624d734b5
cf7fce22fb9bcb14
2a07d5f5e1e0f281
02df080e21e9df1d
d5e4ede403434e2d
10edf8f7e9d7fd1a
f01333c5bc8b6f03
0bdf8121aac8cc06
0cbcb4a7157f28a4
d4d4fd07afc91923
ef10011116f1d5fa
e6d4eb1b06af9e25
151933a2c84acddc
d038f9813731d637
251de8ee44200bfd
3de8d3abd8f314a6
0505085b7fb628f7
e711c52105bc210a
cf5040c8043e2d0a
7f82c241b6c82ebe
1cbcd6b6f6e4c2d5
da13d00e2c28ccf4
bcd402ebce30eaaf
4c13aaea8cccfc99
e0fe1af513e51401
c4fa4cc0e5fb5df9
0881e4ee81e6f4a5
cff6d7f3d9402333
dce589e48cc31e01
4fdbfbec261ad0f4
7eb5121c18151b7f
da1f623c4638771a
43faead7c4247ffd
180918e1301fb8f1
58bed91b367fcf58
27193000d404ef12
e0e3072af84dda20
b2d22a102460d60d
81fb6f231e752cb2
0c3f52dee929cf30
fef7a5044209bd2d
2a28e4bae0291d20
68cb43fe1b45c123
ccae27fd29d9f902
dc0ee632cde34349
75ecbae52d65d9ca
4b1af8b5221937e2
48e6c21c1730521a
a5b2ebf4d3d964f9
463a3ff4ed0f04fe
bb177f2efdf233e6
a354f47fbae93fdf
65e53012ad7ef260
d90dd8d7ea09bb01
76ded8f036d2f16f
7fb3f0f100f5bfad
f90e10b506f6f17e
c3940b06fff775ce
667fbb59c82302b3
48d5055df7d0544c
4718be57eefc46f0
12cd185ae7507864
1c27fc050f17de15
0c27f57f0b3b04d9
1226f8b83cd82bd7
2ff7d82ef6ddc8f4
2fc73b2181ce01f8
31f71005021305fd
091bf1030703b3fc
bfe51f26023126e2
cf2c4655bbe6acd7
db4ad84dce18ddff
bccebb4224c5147f
e1faeae81d070dce
11e9f1062c2981e2
e00713f24d38f6dc
25fcfc020c10285f
fccbf20eed121feb
250d0724f64c29d0
0a21ea0ebf23ee05
bdfa24df381a2534
f9e0819c263cce02
51334077cf81120c
fc38e37abbc75df6
22f80b0b063b1302
b61c04152510d407
1c217af4f1e4d481
fffe96fcf7311840
e20dec04e814041a
cd7ff01c27cefb1a
6c0ca612db2508fe
e1f3f70d433e1127
04118845c1b3f0ca
0ad3f0b7dbd7f10a
04e31ff9ed3209d9
23e8a4f99148f1e4
28a259dc811929ae
1c60b3f3a5ea40cb
fced0a5235ddd503
cc09d6f8fb0c0afe
c728b1f97adff70b
37f7e128291d03ef
103e162fe800fffd
ecd004fa3f02eaf3
8117e3f10ef10cf9
dc1fe6e54a07d310
bdc9260d62f7fd61
ff06dcfbe511fc0b
d2b454d3d6d2f3c7
a61acf0f24e381f3
dfb1032ee67f2a14
8325d00debf423d9
1d2a81a809f2da1e
3cf527c3d1e80f48
cc4bd42536ff2f24
11f2c0a0e0d79553
c7904a812ad0143a
f5fa1518e722eb36
6a101c812a4b1a8c
dd2ff33d27faf593
457fd1ebaa57c9ad
af24e80dd3b3f73b
08ff13b87ffe3fbc
0cec0a36a3e7c7cd
e3dceb1a9f1b0904
64d0eccce5098124
7fbbf2372feee70a
b83a302de32a1f29
f221b533eddbfc28
0008f544ecb317d6
ff24ebe298281a1e
02fbe602f7fee0f9
e1ff2a13183f04f1
341bf0d630d735ef
c0331806afbbd0eb
0f592c1d6fcbff25
d3fd141405c4be03
261d8126e806c21a
230803fe0006f3ff
492621159bc6afb3
eb0f1604eafbdbdf
c6f4050b401e2efa
d318e71205d75217
d230f3e6c819df02
0df3ddb63e3df0eb
fa31f10138a2ef65
f31e12dc1124f2cd
bd5400de81812f7f
38b1f50b2109e604
1e2607cc24d8fef9
4b7fe0c40cedb004
f2c4d1d3d02551c2
0ff825ea2d0a08fd
f7f801da2ead01ff
3517af2640819acc
09ebff01f9194f26
da101f280fb2cb29
0a14fd071ff7f741
01e25d7f7fa2b1ff
1a2406ff38bbf90e
ee9bd2e2ac13ca1b
e62bb00308e89a0e
0e16ed75f2ae4a42
03f6e9fc100a2df8
ef420b02d52254dd
dfef7ce0d7f71aee
f5f7ee251cc799e5
00f4f5bcf6caf029
fd070125b8075ab1
e418d410ebfd0397
182f09f2f82bf6ca
22ceb4122a0209a6
8141e9e5211b241b
c7027930f3720b7f
ec2bfbabb010d58f
f60e1734f0dec3f0
59428101e103d1a0
1ed4d9f150f5db84
f2f5f906102c13c4
d7e36ce907597fe6
8a3d38410a02c86d
31b2fcebd002ecfc
26193c8fe928f7c4
014b0f6c453c6ac3
46f5f4e4ba812318
a3e42f1be9d65a07
b91df306c5a29414
501e1f3a9745d803
0c3dcbe50c1623c3
02be59331f272eec
ee2dd42e8fbafffe
afc57f15194d017f
a704c25b420cf2d4
2fe22eea9fe7bc5f
1903aa330a40d830
d0fef6ffc506105a
1201080216f6fe28
09c11a3e06203530
2a05c881de0ba346
0ff807df0cd4f34e
4e1f1e1dddf581eb
51baea06e3f1fe1a
170017f2350ad1e6
12d21b0000322016
ca6da9fcf4ff36f3
2a0992163dc63532
f31ffbd9d0a5e6fc
2b2a2ca481c840bb
3cdda9dcbe3120cc
817f583ce1c40182
c0e522e12bc1e5d1
3b3b04380dc809c3
020405d1c11739ed
0ed7f4f01419ca1b
81f8e1e05218a996
dd5ae440f6e5653c
07f8091918180316
3bfcf8eb9da21735
4410210efeff575c
c9f0ec163743b951
df4022ca3a27c20b
9ed9bf56b7f5f421
38d2c412c5bed781
ed04d27f6a0f2bce
9f180e77f97f7f0c
28f2ded712361565
1cb366ddef1441f6
1412f6d23c1404fd
fd1a06123614fc47
f607db0446d2f12b
05fee80a0df4e5f9
0afaffdbda270cfb
fec2e21d0e4ce05a
1e06fee3df09fe16
d343f9fb1518ffd3
3ed820fe60f5f1a1
1aecf9f2b7dbd68d
0b027f0a2bb2dce0
40b4c319eddb47f2
0ce003f70b04faf2
f83ad0f9dfb8032c
fd2333c70203e690
117ff6e38108eeda
211d323bffae1415
c8dc483534d578e5
dc08e621ee2624e7
501d2848f767f5e1
6617d711fed46dc4
46e481d714a5fa3f
fdf40825f8660a95
7f05067f22c9c07e
e870feeeadb720c8
f3113e0ceeaff617
21adf6f6841e007e
0a2ae32dddbc2500
25093e68b7851eaa
0f10f4f97fab0ccc
f70b0ac3c6e622e5
1620d337509a02e7
ef0306fdf8d919e2
01fd02f80e2bff10
0c0383be1248ee16
25fdd544fcd01f1e
33ffdc2d05ec6405
1b0be1e30ff11aec
fee5e91fe1f1d7b0
04e3f2e6ea0c3814
e2f6e8d0d340da81
fc0ae6dee513e924
f91ff0d9530cd70b
f70219e2f7f000c0
31200dd2e10fae24
e22117a3b01a0505
578108bd00ae8114
d9093bbfdcd33f0a
4a1110c43b093bcc
dd0edd1d0b7f180d
e60bf928ccf2dd05
7f6d31c43d68f618
702930f6e01a5260
100600f9e20eed07
2d312df09009f0dc
8604f9373423f72b
0f2dbc3e5a0c81ee
3aa8f0c803e3dbd9
230519652e6e67f9
d91cf1ab0defeeba
1a2321ace465cb1a
e381eda96e7fbad6
c203e9092723beff
eadf81acdedd35c2
1108eff3db05f81d
68f5c73787eb05fc
243b0014f40aa00d
fee224112834b90c
f0250f25e6002cf2
ece5ef53043e09f0
b924290e082fff13
c01c1530edc81ff3
029fe1e327f890f7
2e163f6c7ff9e17f
d7ed35e41d02bd10
3430d84de8d3f025
e2e70f072422211f
d5241797b50868b3
0bcbfda6d2f8f702
eae12d81ec25cf25
25f723a7de54cdfb
10ce110ed6edd4c9
280b43c1ffd4a604
41e4810a33cadc2a
fbc8d0440296131f
c1ddfeb9c0e1b2c0
907913dd408c0928
175be9319ce83124
2b2a132e2fcb2213
ec261df91fd30f2b
3bdaf1fcf4f9f134
514dfbd91212b31d
b21fe75043ee10ee
f4ac30bf8575d819
7a57fdc5f42e0719
1e41c70685fb052d
24a31c181a0a3133
f11f0705d5e2ddf4
ab9d0f0be67f40fc
0df1f4a581457f81
f4810cf24de32b45
28c81c06fe2913db
29f52b110c59a5ff
3406e6ceea0da004
0d9e120cfc3ca9bf
eb10fa2005023306
09cc04e0025210e9
e93f10230ae717fa
53ece1fc2f0a0826
4ab61b0a5ba1ac56
7f29fa1bff4e332a
1321e429aecbfb33
c6afe47f15c1cfd4
1da8e5c770043024
52c6e8c5d04f02fa
e912e5570c031efe
6725053ad96a550a
e80902240af30fea
da23ec56136c04e6
a1e016ff34e3e111
4cfccfb5c7c8eacd
1ad31a04e4cadf1d
e52ae0381415f096
03810d9181ece920
c0bcf8c3ef38391e
4cc00656e218bced
ea2adcb53bffd9f2
61c210f2e13ac628
10e01f1702e407dd
4537e564c1b73707
112bdf3e0581e531
dce4d77ff82214fe
152bf9fb2c35fd2e
b2af07b6fd2e1f01
64e6f60acd06d5c0
30d501080c15ed2b
da3e46d2f3c5f3ae
19e0dcfd35f57fd6
e8f28139d8d1cdaa
fcde1940490b2549
05c31bd41501a3b7
4ee211d302102f55
f010df4305f31c07
812a1aa120262fe1
f03504ec23adf77f
bf10ee3c09390de8
9aed1f00fa46f7ee
098eeede15cc043b
2081f27fec23f3bd
d6fe19d7d1023b1e
dd0fca0a121d3126
f7026328134deffe
d3c503430efd102a
39fbd42eead79c18
be02f4f32f12e62a
45bf50e312f9c6c3
7f2004fddd61f865
370004cff5b481f2
d40e0edf2704113a
f8de25ff1424f83f
4700340a25f7faca
070ac719f8ed0f04
5edbfdde0e11d9a5
c1e9f7ce1b9ed662
b4301fce42305581
20fbeac5e906f209
12f926f906b51145
0919d245ed1ef94f
d2e6f92e20d714f7
2ee90b00d0e2f1ff
3ed3edefdec5f3cc
17ee22f415051160
c7e126e3fc484016
7ce17f05307f2714
bf46472b81fc24db
51b6e2c73506113d
263968ef5840f9b7
3a3326e6f7d8fb01
eefe041108fa05f6
da2af37100ea66f2
084c1adfaf131048
0ffe02f5f71118eb
c4f6d22331fffa15
101bcad57f5c2c25
181121fab5c3d43a
7f061d495dc0fe23
c603e5a10fc50c15
35f0eabd1250eef1
5a81d8d61c090e2a
4ae78181f815fd69
8a5b2be9283010f6
34192416f3502342
d70ade3ff4040914
072afa64fb101b20
4bf1cb0c26f11a11
42dbdfe00909db00
1309ece030e82eed
13f405d4e0cbf50d
36e7e010f4fb261b
9117e3c7cd10ce06
d1de02fb16ddf2fd
f3052e813919d8c4
03ebd71e151581e5
054002a83c7fe181
12f302dfeb3b46de
67fa3a5ff3e5170b
3f0732121bb6352e
2df00be206e0ea16
df29f0c81014b03f
9b28cf3ca89e2de4
7fe07f0134eb2281
41fb681d49bcd6dd
29f0fded67e0e536
b481fbf7dd120082
ed08ef812dfb0c05
e5cceb0c008116ff
14ed620737b748e2
dffa0e020ceb1815
070507f3b83d0413
22f1ddd738d8b9b8
380afdec7fb5f6d4
7128f806d12a4a6d
5316ff4965048f86
0a2adaf002f6d2e2
a5fd29fee64906c4
2ef00e03fb06d8de
d2ae1ccb28e716d9
6c2a26088f86ea69
ff19fbf910fdf341
4ac7c4e5acb54623
cffb0be5d5d6f49c
6a1aa7f4a5068165
eba220f3c5ef0c8c
c64cbeeb7af4e91f
1824b90df5cf1802
582ed8e96c16dd0e
0505361812e7e61b
fed810d52471210a
1ce0f9284516ef23
35fddeda76e433eb
59288ecaacd3fe7d
eff1e3dfce0cde15
271d23db27aff9e7
2606eadc06dba330
2aaec1ea22c2ef39
164217f2f601b4f1
9d2dfe03d0d21c07
1247d0e429015214
fdf01d0ed681b0ef
177f412681f8a5b1
17207fe1cdb4ff30
24a6f1d70104c74b
bddc18242041b709
f0f9fcf416b9eef1
26e01c0c36ff1f10
0a25e7e00609350b
bcb6e2eb13271721
81f4e96de3108e14
cbe3f7eaeaff0d13
d1c3d472e4d80811
fc45f1c8fb00c111
a6f4d6d0178a036a
1c0405fe0c2b4d1a
fee4e0f60152e9e7
ea451c0dbdf20009
c2e8cd81374075fc
3cc802fd32d82ce2
11cef64625c8af81
acd8db321efb81cf
10e01a04e521c2c8
f1ec15c62dd01bf0
c42abcd150ac4b53
27c315270c0e3d22
0c872cf915202a0a
ea42021ecfd93a0a
fe310b26e61d71e7
c628f6150f8181a5
15e18106e62c32d8
0b70d11b0e2de42d
1cc8327ff856fdef
fe0e1d1decf72cc7
4a20e7eaedf900f3
0ff12e0a1b1dcdee
0c0adbf67fd2ffe6
f7fa1d0ef7dd9698
401caec201cba823
afebe0c3ed04051f
f8f0fddd0e7011ce
c1740736e359ff45
000d1ad5e7021bf3
dcfbf31bffd2601b
cd810b491c249102
7ff10421ef061526
f308aa3adc9747d2
4f1160e5120c9cce
bb340f3313b6c1b3
f1cb1b0d1b16e800
31d5aad31bd517f1
e9d005c6ecced55d
32fcd7302a4ed196
f10d3beb0a4a3fc8
edf5e073fff00d81
00084b0ff306ebea
e104dde90f1c35ce
f921defa141f15de
e4d833cc0c3a12da
2028f2f1c713e623
07e341e4ad0ff0cc
e635f416f215d008
dc1d291ab9f70b21
9f1e17b1f5c419eb
30fb12c6577f8b81
04ddf7edd704fe01
15815cc234eb092d
00de7fab8124e951
c0f71a32fcb1baf5
e2e42ddff1dd17b6
ec290814e5053d05
07eb48fd06e2be1a
e005f4f7f509ed0a
29270d37c8fdecf2
1ee9fbf8a5e151e6
812ce3e9b5ded702
7510e9bcea4cb827
3fe6000202f6cc00
3202ce43bd4aa8d6
3df8fdee010bf91f
a4f2e2b5411e1b50
0cf6f881ed06a9f8
100f3b31d0d7bffc
1e0ce4259c17e6e7
ccc81f16b415040b
23ed4ac594255942
5ee510ae0ae7cf0e
c5f407ffa8f582fb
00e565fa202b7fcd
ad1f323ecc2bfbee
58df3b06dc224ad9
fd89fd1d0711083f
feb1b731bd16e20e
2aded60df9c51a31
e739a7ff010efbb4
27c6850157c4db32
17f9d033ada97f03
027f496423ec82ef
fed31fdefb282326
fb2dd71b10f01df7
f700d42126cadc08
e91d75a313f10057
d0cd79c823992bfa
f79a817f417ffa04
0e070273161a12cf
da47f6314a4f059f
0ffe1ecf1020f7f3
173f135126f8ee2b
19b50f400200aff9
4afc2dfecf13ff81
da3a2f9efd1d0214
61e207e506c60524
517ed6471accef4d
e8f209990703e341
1af334480a0d23f9
810ec8d6d5efdd1d
4059c91af6121ede
26f1aeb2ecd40545
2b52f68b7fa8fc0f
db24d80ce8fff110
dc03eb02e20030f3
f2e7ea5ecf1d0dd4
29321818e201f600
ea3225e00a7df706
7f81d60dfaebf662
fede08dc7e0d17a7
b312ccff133dba19
3f01fa9eb32cf95d
e314450ad8ea2cc8
110fd89ec7cde0d4
38bb727ff3815c2a
875edf2235fac024
fb2dd4bad04f68ba
c105f249311655e4
e5f5fdedf910e40b
213e13d3c5a8eeeb
3bc202060620ff1c
f614040487f9e8bd
4299f4dfcf0edcd1
f2aa063403366d2c
0c0ae9b18154eec8
390c150195c0f017
e433b627f3f6e4ca
ca0604ef5b0dc33e
1db0e2e06e8b6a2c
feec0d9f9843cd39
f4d64328da1d7ff3
e054f721902cb4d2
d0df101d69e8f50d
0acfc72b1f1fc21a
b6dbf1091009c722
17d719db18f06881
9a0c7f2624b15ef6
0b060f363009e9a4
e20412ebd6fc4efa
c3045c061a1e33ff
10260fc70918e7dc
04120f0b00ebe3fd
24502e2603e2f913
29ce2a2e19d449e9
496a1d21e91e031a
03e944edb9ee8133
e100f0d3eceed40e
f70a04dbe90b0100
8eeefef423c81860
21483135ba34d981
817fee57a63b3133
5997d4f2d625aff8
05ede894e6ffe72c
d0b06d7f160c468c
20150128fa0adfdb
eed0b9f5d1513bfc
1e991ce8e781eae4
fe460bc281e7eb0f
f497810947ff3b01
9bec08e92c31faae
1bcb0aaeafd5a8b7
25feffc0bbff023f
f90adac18d25fb17
16530ada0ff12206
e80edffd51e9eb33
053d1ffc0afab8d1
fd02fefee02d0805
f5f5f911040602e9
02d024153e1be9ff
5ce014dd1f1e2cf8
2ae0020e21164a0b
81b126f700afff11
17d0fd0ceeecffc8
edeab0f112cf2133
0ecaf5c64431fea9
0e013421d2752212
13d913bfc7dec2e4
240209cb71262714
49f7495dea81d1d0
09204971101115f1
1a12fd16fc152cfd
fb42fafb49d52a52
10f91020fb0ef714
fbd91ace392cdd43
e3f2fe0113dbf0e0
c32801e05943ed18
f60a81a9d112fdd0
eb3de731ebb3dfc8
d94cf5693897d10a
c0f00fc19b0af8e7
193e314b81eb0e1d
2ee4154d5ce62bd5
4c09f057fe2cf3dd
082c1ca30e16101c
27c1ca3b25161732
1a21058112ea05db
502bdc8c9a3dd881
01edac36b81d28ca
07002cc06b190b9b
11f9ac04b9f37f20
2a81ef504cdcf04d
fff33746f9ddf5c2
d6edd9c1de390eaf
c72bc4f8a781b601
0a19af34d4f936da
1c5abf8124138cad
3396b0ef05b1d8fc
dad51b156ac3b5c6
103bddbf99c46c27
f805eb2ec9e2efcc
0824c9dc2323cace
13d6fc0103ff0e00
b00021030fa138c2
b17f20e1d03843e5
7f38d623d9378cdc
372bcc97ff7ead1a
fb3b37d362f4fb44
f51d81b03e30fa9c
f22c29d9ff0a051c
09ceef87b3a912b9
f549d3e7e44d1181
32fa0f26e1180d38
1ad44e19f56bd539
e55e4a2da68bd40d
ff0e51e8fa18f207
5ac76f632ab9c7f8
042f40de58b54f08
05c8c31e490ae208
281f2e14190dd143
1e4ada51edeb041d
4aa210e60e00a63f
fce40b1be2da1119
fdb040637f0c083b
feff3b0ff6077fcf
08cdfee700d40a25
339bf7367ff1a3e2
f84ed33bb6f91dde
f0dde40eb80b1f2e
0918f2e42d08b627
d2ce372c10484ac1
f8dee4d0600c247f
fee31dc6582317af
360081a4158121c5
26bb08afe2105b53
e8e1ebde10f19b1f
1ac7dfb3acef08e3
e00012da0512c9fa
d5fdffaa35e12ef1
fcd5fddeedf8e32d
c4582224e6164dbb
df7ff4f3f2db05cf
21262927ee1dcddc
f6523d54fcf2a9d2
1137d913d0faa7de
cb1958c776aae1d1
fce11b0e28075703
f8ca184f1910f5fb
d63e0e1d1c6a142a
f38dc1712efb140e
f425ced508e716e8
3d2bf2392ff31eae
cf52d0f8ef1cb312
7fb10724ef2d3f25
bc39f081d02f3c12
0f9dd8a204eb3fea
125afc39df135403
30bffaea54e88165
4926ec0d20150265
c81b965cb803d826
a1c755f74e4ae43b
1481d27fa89cbe4d
93ed23d32e00f410
1922e0c3e55c7956
c0dad0edfef208b0
e8ccdd37d905030d
090a08efe7fb1b11
230c22bba812cf1a
383dd7dcfb7f182e
70debd9832337f16
569eba37aaf2edbd
9f12f006cbd0036d
67ee9dd402cb17f5
dbc5cfebf2ecfcd7
a7c11af1d507d8fe
d7389701b71f1928
f51c2b091c581841
e5360fe915fedfad
e9dc54e0fcd2e56b
6dd9e60a2be600bd
5822a9ffbe1aeb3c
a8d3cdc533d021b5
1225bef1f8f11834
816276377f4009f5
cf5ec6f842fdfb2b
f378813ce9c72181
e223fd222610131d
4c03cd082e02f105
cc7e1a16a91bcd50
d1f5dd044010f909
19d71ffaf6274358
cc27bbd9a2f8e3b1
082322c630f40363
f909f7e6f747ea03
081effe92c6a0a46
47a30a0c5602e226
3407e9e5de0cfb0c
548c8177399d7ffc
12d3f509e874bff1
13f1db097feaea77
2ad12e050924f10d
121617ed04141f20
de351005fced33e2
0502fff60825f1df
500aebc6aaddf0f1
e31cdef91029e8d7
3ec8faa8044ad9e4
7fc031eb3281c74d
dd2df8b124e9358a
967f423ed722aef9
f94a02e3eb2a11f4
cd3cc66334fdbdac
d949d8ebc02cfcf4
1047d62b02d20418
78352281d308e17f
f312f9f719fbfbba
eb27acf6f739cc35
abd634a90dae3534
ff07b0ae4de2ff42
b7e14ba8992eeee3
0c1c12b135cde331
3061f432c7280245
0907073232ade608
0bec34f5e21b2cf5
d8390e1dff497c02
203b58648114812f
3e0ec2f117010ddc
141a0820f53dbbb0
3210d1d33858367f
22323d12f4d7f6f1
05e6cf210818dc1d
dc2c3916e5812216
f9ea303510ab96fd
e17f922904deef24
25fe57e1164247f4
f132fdf3cd08fbb5
40fded8123c20c11
1c300a14050099dd
e810fbe80be1fdca
280aebcc2cb5cd3f
08eaf62caa254349
de3073043adff4a2
e91006f602c5103b
5412bb06044abec9
f926e253b32c18e1
7f005120fa4b4753
469f07faaa7231f1
e245b100d43d231d
1eeef3081340fbfc
fd1f81f9241c17d9
18e323def3f8e71a
eb49e0262825c309
988bceeead3136a6
0f1c1d0cfd98961e
532d94332315d0f7
e1f20a142fe7f17a
1c44fcf717c93dc4
13fde3fafb42f722
f4ecfc2e4ffe493e
1504da4e1120cd38
1d2f234d85f51b29
b1c4f5daf9c7fe33
e081e2bcd7be7df4
e80e77ee4bed7f0b
3d057316b8f33445
1deffcfdd70fe2fa
dbf6df1012eacdd4
f7ec2b04012f0afa
c4341f817f24002b
e7ea7f20d606e17f
1e15c1d6f703d5e9
f432f6d3dffafc56
4315cd46f8d82000
7f273fc90e08d834
14cd90d81c092627
0e961fcee7430ada
0539dffa26e71656
26ebf9b6b92bfeee
d8ded521010a25c5
d9531a19d4bb77ee
2887420deb30537e
dbe4c5cf827fd1af
d2c13fd736b30d4c
05fb47200c29cff5
14beeb28c91cdd46
dad508f1c3643870
08343024fd040817
4637e6c8212e4204
afee3e1221f77af9
f1f34d71247fc840
3315150035324a4e
d90805218fced4b4
9818e6cf2ffe0b78
02edfcf9e3002814
1cea07ecfd031dfb
f4d440df0827c767
e1f6cf31afcee5df
4ba5c3e07ffb7d2d
4bdd7ffef50d1df2
fcf8ffc439f1120c
7f70107fa7f80a6f
f1e4dff211fb1111
1011fe15410d1c0d
ae2ee94c33143498
1ee93cc9f70bf3ec
368111fcc8e5cbe0
34f39591f32d3f01
dcf2f6052210f61d
fff1f6d7c4e2f747
c7cbf5bdf7d0f60a
1b1cdb4aedcfec26
1e1a0ff119db1a13
31ecffc81c0c3805
037eb72c6cebf87f
defaf8f61ceeecfd
f8f7ff48280e0431
14ec28424b1181d5
04f1e54308eb391a
94e808adfdef4bf7
4928bc8ad6386738
c722efdaff45567f
ebf4ebe0f1fc31e5
0be820f6eef2115e
d418e9b9d2ec7c83
de81fad2202a0f16
192e7fbdefc5453a
b9b1edc07d37f531
3a1d45f681dbaa38
e327270abe3f4419
04e600d9fde12b1a
f1adeddb031ccfe4
04050a4d061c26c9
090ff71b19e603bc
e92d30a9defec5fe
2f4cfbecf7e406dd
1c9136bd28d3e9ce
0f08161a061f2891
7f3021ef91690b02
d9dbec7f34d1cff4
db0d0554daba2829
20fefd1d13fcc6b5
fad1400508cdbcb7
bbcc57ed007f7f0b
d0ed361bd0eb44ce
08fe0e31ffc5b9ae
0dfa4fbe8f11a726
e0711acc34e827fc
b6c708df69307520
5adcc3d860f24ec4
cb11e2d202c3de36
02139dbe110723ff
c501c8f7181401fe
4e1ba336def8bffb
4e010f105482e328
8b43ee0f11d19eff
1915deffe11215f5
c4e4d800f639faf3
ae17f77ff7188fdc
cae8942ae20ae8d9
e2deeef63bbef01a
ac02f71131dce4ee
540981ac0bc61406
0deacacbc114e1dd
f017f718f1ef36ff
35fa90163a070205
0cf91e0abb0e02f2
1c2b00051601c615
5216e5f73c2604eb
024b53b8fae138e5
7b3364cbf5c842e9
05fcf23e1111fbfa
4824eb1526b0feea
1206fae1c2fbdcfe
a17f9c2506ecc0c8
82e783d655815e81
0809020516f6f70b
470209f00917e2e7
55ff3500fb0df8f3
be0762de81fb8110
7fed1527131c1a31
ec04e631d9e91b3c
d3ccfa00c2a64211
0adddfe6c0241114
243b053dd2fbe215
f4daba00810850ee
b82e2c0b3c1ab2dd
fe061746de40e6de
ed56f40b5ff00c49
f031f302340ae730
1dd3dc28bde75881
e5071409531afa10
ab413c2709ca20c1
f004f7d441020c00
fd81ffc3e61ac8ef
0011cfea8534a1ef
33c69d1e03ce1760
2bc9d4d06501c82a
81eefcd55808172d
4914fb023b0ddee0
494e0b2dff383307
b94d29a5cbcf7fc7
29e8eb1ea0dd070b
aa0ff9e70cdf160c
b6a2330e7f0be9ef
b808d4f90a81be99
4438aec911f43602
1b20152511ebf0fc
f8dffffc11c336b0
f6bf81f6e1f1f2e0
fc5b130112cafad8
260828ee01e41b04
3131243d5a06dddc
fc25d5fce6271368
11ce847f0b1cfb89
fc13d6d72affe4aa
15ce243c05fa04ed
26d6deec0469fc45
ecfe49c43132437f
99e077f7e8448174
f7e30bde251605b1
0608322bfb19f547
23d145bbef0ed0ba
43f04fe5230f0066
c605f6a16fb17a0b
e3145e3e3750be32
0f11f0cbc1c1d861
c00bfc259bc53d3e
fc1efc5a902c23dd
fff6d339d1d0dbea
0cf8220b1dfcfdf8
43d74cdb78d7ec3b
f604d7bf6b1fade2
0e4b6de9caacfe16
0acf339bf1e605fc
05dff9150b080701
cf2a03f864d393fb
0ded870c330acd1e
1102a8e9bdd00fe2
11c4959ecdce09fb
fa17d816e8fde2f7
e0e8431babef3af6
d87fd7845be62707
254f1f81077f61d8
39dd8104278b0417
7ffa568d81dcff45
e4d310e3204a260a
16e0ddcbba0f613a
010d0a2818e41e33
355de4a1241b1fc1
25fe1d36eaf8fd02
d8f130e2c71ad512
49b3ff4b2efaddb7
151c90c50f3dd2d4
2b48f1eb7f2356e2
64e4703cdcc1ccbe
dac6f4dc30e1c1db
fe0d171efe070400
14ba00d660f9e481
53d60e09a0c802c7
23ddf91b8a7fed1c
1cd6a9c544d23fdf
41db24818727dabd
fa4d5ac40bf7abc6
2fce7fd5e022f3f2
e9dcdf5a5a1bcab1
ce813de63dc8f5ee
e03643fa20e649f7
da0c36dacfcd810a
bfab3c500c0625f3
14a2273b04f6a21b
421ce95fc2180703
2315ec0ae5ee00a9
32f31bd6e642eaea
7f0e1d05f4182108
f5df11d506e3e5fb
6e111f176606d30f
9dfadbf1174dbace
de2b34387e1fe0fe
81ae21157918d9fe
dbd9e813140e26ff
60bbd0dcdec303e4
b54fd117b01f117e
ce2f2cd9ee16cb22
2924c5e3fdf93921
bc07bdfe0002e3f0
cae717fd2a08cb29
ba2db500ede281c8
baeb6f1d32df64cf
32218413110224f3
dfadfceef2e7d3ca
095f69c0e114db2a
d9e4fdd43fd5df15
cafbd21c22f9f8e5
260722fa050515fa
848904cc30eff6e4
3ae0c7d4f31119e0
1117c656814b027f
f8397fa91a8126f2
d415edee0c09d304
fc0be9cc46e5ebfb
d0fed8f4fefe1019
ce24f7e7e4e44eec
fed59859bff23195
18f9fe0efdfdf5f9
36f0f91319150149
652f0355ffc01b26
edb7cde2fcf4ef21
f355d9fb0c0fefba
067f07f122ec27b9
fdd6f47fa4f439d6
fe35c43c0398063d
2e1b11ead1d50b58
e4dc0c4decd49d50
a8edee161c35d8d6
33f1d4d9022aee19
bc17ebe50e23e9eb
f8aaecf2e205cb82
c99fec4afa684e65
0b05cefe0153472c
0f00daeb29302172
d50f0808050b041e
32f87236fad0f7b8
2d660bdb3eeacced
3c2a1b1f1a2821cc
ea450be609c32461
5ad9fcddc236cdfd
042f080923d4fbc9
da7f29e72eb1ef46
0d46e649818eb295
54ff01e501fd4d3a
f91ce4f4effc7f7f
c8a4efece182a077
fa02f77f007fb46a
fed52eec25e2a62a
374cf8bcf705faa9
b7e7f42f4a52dde3
929b7f00063c5d52
094dd3dadfe532da
2b1c2e09fae2d430
22f3f8b5d8c0fb11
7f39fef62cdad5fb
ac38f2cbeb45d911
ace77fe40a1209c2
120a0beffdfb1bf6
81cde6f2ece9ed16
71ffe9e7e7a535fa
2d02071cc03566f9
e313d303edde9af5
defb20cde611f302
3e24d5e1fac81d05
06f1e26afc110de5
1530e129be9f3d23
b41624eec3221330
d5e92f0410ee0bf3
ad2664e7b512b4f1
150ad81d2bfc2211
d509f91ce3107f0a
1bfa16fbf3f9f8fa
9d4d11bbb7bc4ff9
efeb38f2e4cfb128
a77ffcca34757281
f834954ccb7ffe22
080cd5fbf413e9ed
d02fdf01ac2fe0e6
0ef9dc1002f7df26
f4ffd2e9fcdaef1e
4ae4c0330108460f
010b1bfd00090efb
1609d928fa183cfd
f9c516e4f7facc22
0a092d815be0dee2
5bc2ca190f494df7
7146aeefdf2a19fb
e70d0bd381341b00
1cf20381ec241341
e823e015642006fa
81ef0ed621e21b12
70efeedaf3f124c5
f80d0715d5f09ac2
00cedfdcec0c58db
e1fc32f92415c304
e64f1435d8ff6f81
0118da6bde110d4b
e91212b5475ef22d
f60003060104fbff
f135492dea0a0d0b
ed051305a0df97fc
1f196319ed93f6b6
ebf9f716c50447bd
fc10e20932cc3ff1
e202ec154038c3ea
0c1d560b81ef26e3
f67fbefa2405d137
f2041cf701dbaaf1
d12b003023e57fb1
05eb013eeafb35c9
d68b7f33ecf8e0a4
2c371f9906264efb
c0d81611c5203b27
10c533e909ed36e8
402600cd0881cb1b
1e661c0f2c012e44
1dec17f90e10d4fe
f007e8dce503fb20
eaf925341e35f535
f407b9d210133d0c
1ec52ef5d44201ce
fb2fdcebd80f0ddc
0e7e61eae8e42dfd
ecf82f2b1fe8f7c1
f9812dbe1ec4cd15
056ed317e7e820eb
21b3fbb60103f65e
4f5e19eea33fe9de
b6dd36813504c44d
494618e177c22625
f837130238e21d86
06a8fd1205dade41
f2a7040a3a1cf93c
eff081fdea211f28
e7c413ee05f5fb40
eb2bf20504010103
f1eb003c7f16eeda
136e15c820eef312
e5cac21a201a0a81
f8b6c02ae681ef01
19ea1f1118f9f600
25f6da0b52ea4f25
2ef1dcf10909120a
e533b8c31ab43006
191bc1c8179f7fa8
001405f204fffce8
142bccd6f801ebe6
d3472308c3fbeed1
d488071431b228ea
34664213ec1856da
fa13484dc612d9fe
81bd75bc3ad1b2b5
974925021ed704e7
cf29e7338f242a8e
c1cef2811da7ad9d
4ec0d1bb428412ff
f249f0fae4de03f8
13ea3ffe32f50ea6
207f38def7ec5334
f06319d50a3719c3
57f5ff27d2f2b3e0
d50234eb74dcba3f
09e504f00b0c0af6
f0b0b1c56a4ca1c6
fb64c327083ff2f5
0609310ae881b914
cdfb05574b5e151e
4a25b140bdc881c8
123a283a3bc4bff6
2a1239dc072f88b5
9e1b50c5a182eeb7
b606bf687fb401b5
dc32b6dd2ae3fbba
ad42c4341f0ef7f9
623b6d516d0260d1
51d626c83a8da681
c0ff242de6fa0923
27d71d0158e61705
e5f304c9feedf6b0
0a302219d82f71ed
dfffe21d1606f5eb
65141d0111566332
7f377fe41bbf0afa
f4dfe3a801201a33
1113550f0c07a936
f912183b03f80707
a7e1fec3c4010edf
75fcea0682df44d9
a749545481dcf901
1af803bdebe6090b
14e6cf5ee8fae316
c3dbe2e6d4c1e3c8
0ae4fc42f8f7e9da
e0222711daffda81
2be2e8f90ce1efdb
080506ee1bf8f601
04ee200afcc82afa
b6b7e51dee134f5e
2beef1f617ef07e7
f907f201e2020a1d
09aa0f7f420decf6
481025b1da161d0f
e4810e3e3ee17f0c
4218072a077f0e08
0cf402fff50a16f3
c9ee99b420e2e5b0
04141a0020142106
f1aa896ff6e4279a
cf00f778dd4cc42a
f90a090eedff170f
f3e2f3eed60bdcca
ffdeed63ff03b9eb
40e3cdf91cca0735
1326e6082cf777c1
813d8ffd41382233
22357f04bdf93854
26e5a39dff98fd1c
f3ea081fda9322ec
11f2bc1bffba2dd8
f4e2a025f92e000e
e1c532da0717ec33
f00c4c3cea1520ee
d60e4ce4151eec05
efabc3180f403ee9
26b7f35106da19fd
2aca5b3a4c2619f3
fa09f915081910f5
f5c2063face6d40e
45d2ec120dfbe0f4
49ee895a296ab9e0
dc05bfb521ef3b18
4036100a00350afd
f403da8b0000c905
7ac19f5de4f77f02
7fc57f181edad31d
1af32819fb7ff01e
09f2fe0dc60adedc
24f6c6081726e17f
48d74d7f81e38d5c
353313e0daeefd0a
e1fdf74be30924f8
fa3460f4dab0f60a
2437d7cf0161e403
0c7231912e860205
e5ea01e81a211006
2ec7a01b3a1523f4
e3810f64ce054423
f4959825d5c22401
cc0fdb075c05bdbe
1ff6c4b3f0bbfff0
13fcf722c2002cf3
d2481764b2247fa1
1a272dccaa1f42e0
f4c60bf1141f15db
47f0f7d7d534dfc9
587f1352f3de3625
c1ff25ae09c81af4
0749db1cdb1158a7
7f2a1eaa63fdc0e2
185daa7ff91c059c
21062475bceff8da
10f684f4c511f1da
bbc041a0e9190400
ffca0920f1f71915
f76ce4c581a12ceb
012e125e372afe09
005a7fcbed36db13
b9d78123174bd6b4
f82c0b04fb12ee0c
50fad38acc0d0e09
38104421fdeb1a15
0ae13d903862e89f
bfb252bd73daeddb
0033032de600e70c
d739d5dc3cdaf6da
fa41cf26ba123dda
0204d1a54000dcb4
e6738ff6ac0f2abf
752a7b3dd2ee55d2
51297df8f5810d81
c4e910f6cf01187f
ef03db3c33191c02
7f69a9fd7f5fae1c
40e3240c5315a249
10cf30c43338e727
e0fd430df5be6bf0
020a003d0e114911
19eaec013a521656
02819b811b459b39
cd1d102ae5f515c7
f90e0607eae01300
250af94608c8212e
f6d2d521cb7afb19
47c0948115b4e839
282104bdc4fe1b32
f70ff715f8aa00ea
feebf210f73bb5e3
c586ddc71b78fdb9
f7721473d8f7f3aa
b52548c606ffe6c7
3d1b07e70ed8f1e9
32f778e0e81eb7f2
36700d7fa9e52008
fc12cd56bd205a7f
ef2d2be5e6e61d2c
f938041c0fe4271b
e4d87fc3c1e5d533
1fd4d143e1e22242
efc2cf340039f306
e5fe32d53e1c02f4
16ffc72df50b3a1f
28bcdb34fb7f813d
0625eb1557e798ef
ac01edebfd18b823
22e7ed9eef054b1e
f68df81394053552
810d03e101deae71
1e1e1d9fd0077ff3
af650618280dd0dc
ed23b92b9f011535
9d3bf73a09f8c84d
c81a81143fe736bd
f203116ca000482b
e1a807400ffa243f
6ed4eb1b2f23130f
bcfa24e514d130db
110d1f29c90f78fa
0efa150c00fd05f0
0f67d8d6ecd2360b
d8b7000b0ff307d1
af7fda7f7fad2bf6
dec8a3cb35053015
caf6fa100aff1303
b2020c0bb5db0912
09490e01fdfb0f17
fc5d17fed0fb1e17
22123d09c908c547
faf7fc06f30cf6fa
c911fb474923f626
73e81ce0d91af01e
65a11afb2336c530
c315ebbacdeed027
9ff4c1fb477f0b81
3635c110112debcd
b60c1135f014baf0
05d33b14531517f1
1db7ff4d127fb9c9
7fd730e11be5cbef
4519f4012c350a1f
b7e11314d41f09f8
3df318e2e8e81024
1e492ec09ad8f1ef
27e626eafdacc919
7cddab76b90aee3d
f9f2fb03f812f903
75ebf7f8d1ea371f
27e6f2b211edfbb7
d64c20cfda087fee
c503d820a2b8034c
6bdfb47f3f04ff5f
62bc0028d554c611
b119dc0a37c3fcb2
25c627ba7f54275d
32b27f8313192506
3a0eb53061f621e0
108104b2ca10e481
dd4af7c8eaf43ed9
8aca613f07f0d128
4628150dc9e916e3
ca260a3a14ecf2ed
45c21fcb54ae741c
34171cc66d37550d
1200e9fb1ce9ffd7
4acf9f1d25d2d619
2fd72af812aa23b1
4ae50d8a0b011b33
391cf7cc70ecdf27
27e5362af400c111
811341209935e4ee
d636fbe027a724c0
3229e102035cfbfc
e90dbf03813a0f15
0a810bac69ab7fed
52fde3122bc5f6ee
f3b4d2ed85ffd19b
ef58e839dcef02b7
16f5c8e30947d118
cce4c919d0e20aad
fc06faf216fb010e
010c03ccdc31e24c
d15d0feb1a6d1218
ec0c0312de86ee0f
f4f4ff4af20401fb
0806ae13fd240edf
fbd31404249920f3
f92ef081040a153d
2a051bcb28021c2b
023bd333c09bd907
dceb2a63470b28e1
eb0f070fb811e0d9
e43fb30047e80e09
fbf27f9e3fba4f7f
071505183bd015e1
ddf60233e9e109f5
ff0a18d54833fbcd
f43ef9f0081dd0e9
0d451ff8bd812437
0e59e4b4663d2af3
ea450b602812fff7
2ac918e5b7c102ea
3b0d157fa4d8ddf1
7f1f81f78196dcf9
18111922b1eef504
623af236b3330481
9e32331b4554cddd
87a21410247f0a33
48392fe4d974343e
dc48d22f211a81e3
f208de63bce1f916
d42d0f4a1a128e0e
cbe520ba250008e3
7ddef41fd305ced3
3ff6e1f596f9f8b5
c0d23ce4daf7defa
d210f5bff6f01904
074408ffb309e5e9
bd3c11ff715d263a
cbc3a41cb82106da
097f41a65bb13a01
0f2534fa112aa133
0464f231edd4b9ed
94f5040dcc0f111e
f5f224f4dd304ade
060bc907281f07de
1acae1480308f201
33fb1b32ffb90619
70f36397bf19882a
283b191c3f1a1e07
03dff821a5e9d6fe
079edb5acedcefa9
e235c1e034034d88
f0f533f80d1a03f0
3bbefbfb1394a0fe
1e1ab5e2988eb7f6
e82302df04edf212
09ae19ea15b114d4
06fadfdb02c5d0f1
fb18b9e55bb71e13
2fb2110fb37f6e4a
b1b7c4f8ecef0ba4
f5fafee818df5720
df9333094e593497
04f5d108f6eff117
38e9ded7c9bd0e17
81e814ff20960e94
e1d92df38f030017
00040bf3fa02fefb
f3fbec2db4ea2d91
e0b7d915f708c2f5
f9110e816016a8e8
11078fe1f0d781f2
06592e093109f105
f43313ff81f53e19
df812226d700ef81
040c3bf54213053d
24058aefb8abcb0d
1e5fe7fee615f8d3
f3387f01d72c23dc
10cf0c1f07c9fd41
1340ea01fbfbe3f2
b9f0ddf030b6e20f
1b5913f5f92ec8c3
efd6212b059467fc
f727f020043af4d3
117f567f14eb427f
0bdd7f0719511574
f40e20e3f80c0ff2
b6df14e2141cb8dd
81b0db1c32103b2f
f0768cefe1662408
c9052def220812a1
e4ddbca00d4100d5
ce5315140d0c191a
ef9e34b00dc7215c
2a2efccae81bba2b
2cea67ea18d213e1
bfb0661a81124635
eaef0be2cb0210df
120217e1ecf0fc16
00dee9f229d013e9
1cffdffdf10dcd1b
1e11d4f919005129
2ecdbc33f581ef8b
52d121eb15eaab42
e04ab44eef104e0b
51e1f63f1cc601cf
ee0ef7d811f6501f
f4e372eff8e07ff1
e6d12502e8eca637
febbb91cd031fbd9
f148203e01e1d2cd
120ff23be1cf1153
14a508d6e7d2d23c
db272807fe2df12a
e7231d12f68642e7
573818f8d7d92cdd
e61c4ad7ddca062a
c003a90ebe1c1b1f
432e13f0f0ed1ce7
76bd1ee5e8bbc5bd
3a7f45fff2e0a8a5
31342918bd12452f
2453dece7fd971bc
c014a0f6e4abb0fd
020ed541d31934ce
310956eebd9e8cfb
caff1105fcf7240c
2df3c240fe1a25e2
d6267ff2e67f09d8
1cf3eb1ad7d76827
14faf7f507eeecfb
0323c381f9b3fc0d
81e41ce5d607c520
1c32481dd6f70e07
baf3c50dea62ff14
40d4b6040414ec0e
efd1bc04feeeebf6
d889491220c3057f
46178613a305f9c8
c4e2dd1d21f2a6e4
060c35e7e727ef15
2a07fe2a121dffe6
a32c31f9ed99f0e2
a6e6eaf200b3bbf1
b7ce64c03fc87f28
cbf8edf4d75aecf6
62e7e0c2131ef63b
2119f234ccc2630a
f544947ff27f227f
fd2a3e0906f7eb49
1307f71f0af201dd
28fababbf905934b
81c7c51b06d3a304
452cf6e3445d0fe7
f3c4e90a10a75bad
beed0aebfa4a8ada
e110f0ff0f3be6fe
66a3d70f0e62eac0
efa264f88124f026
7cbc61f32198ec31
e1eb4049c30bb3a3
1a0e241b1cd7d7ea
d1eadb1ffb1612e2
b10f280f06fb2811
569aac35053aa7d7
910898c2270356ea
148195a641037fdd
a8d724fae432d9fd
353ebc29d51bc6c8
8e2fd7e8fde9dced
d302ca0b043ad002
ebfdd4b1fb13320e
009e1fee15fb0337
d74b7f0715292734
3ecaf22e08e50f09
ea50dad8ef5f0842
299e5ab00504fdec
51c01ce62906ec4d
7f09751133b4bd7f
eabd0fdbf5bfd617
129409ede4d160e8
6023fd0d25eb0fe9
f9636dce1a14cd2d
3529f0fe036d0a04
439005ad7f53f8fe
ed0d312b3a5208ee
c5990df3d0f0eabc
05342f81df3521f5
51f8090028160edf
ee37ba0720561f5d
feff05fa0cef05fd
316606eda708faf2
6703a73e38e1d005
1403f44d5ef034a8
09f0fe01fb14faf3
1185817ee5f23751
f341af3c2b297724
a9c89a73292c8c36
ee7f3203677f3737
1599ece80e0fd3e8
f136e844144edefc
4356a428f74c3310
ddf1a169f9fefaf3
1100f1e6fd701df6
c03e5cd6f3eaff25
e4eb00f1f2f3f7f6
f6d8f006fc2b81d4
eb1b5dd2ddcd4c39
0feceb5bea37feea
e3ef302b4517af30
23ed81d528d0121c
f01a1b3c2edefbe9
b5b4c7240c0e18a0
f17fe5b7303b9a1a
04ef17f200fc0913
7fbca0eedd1721f0
f2d6b9e6b9f224b9
3aa925ef0032119c
135817bbee3cc71a
3cd92dc50e103f55
f51776021300b8ee
32c05b992f0c3762
0fd6fd09167fa47f
38fdc7f9c510be95
28be01057f387fe1
03d919f231deb9f7
f21b0e0b08feebda
ec0df902e73a3af3
db3ace0ee0db1049
bd569afc04d8c5b0
23650e3702d81e13
0518f54ee844dfe9
2c3ccd81039df596
fc23040105f79e0a
1582f9f7d5d552dd
0e27fe1e37280328
ef2aef1bedd5a803
4c0618c41717cb33
d7d20a2c2d411843
4b270bf0b92416c7
25061111139b1ce9
1bd3ba34ebfdcd0c
98d9e77a7f52d9f2
0a2017180ce51b09
c22cec2fe1282988
474907e5d32a0112
d7091dbaeac4efcd
2d0ef7e8f60adcda
a604f4814128a681
132febcfeea61310
ab211c9e145b06cc
59fe31bd3fd2f428
0ff6f0180cfcfafa
f0a97f1f4c115106
12e3fdf60e1afaf5
03f4e5fb50df3bef
7f15deea05068a4c
bd30fbf0350deff7
020b0402ff06eff9
6dcdfc52cd901a09
4ee9f6f2cef87f31
ff810912d84e002f
58011bcf78f82817
cefcf41bdfe8b6fc
37471616ec04240b
e00900b308fdced3
2851ffe8a181c615
e4a213eb195112fd
220d000ecfeff98c
032b120524cbedfd
5faecd142e0296fd
f515f7a1f42a2d01
2bc9da4901b3fc9b
02fd1100060c4434
0335ca43ddef13fc
fbe52fd1dccde1a1
1f35ebfba9a2912e
8ac5412f3e2bd9ed
041df006bef501f6
32078147e875cea4
1a07dae79802ff00
fc06dabc93b83302
f5e5b2b6f5e0f446
1c1b07b20ee1382b
06d4f7210df1e90d
fb29e381285b36fd
c381ed47ddeee37c
a825f411c19ae97f
bcd0ebdc1fb9d1c2
0438df0731d3292a
db1df4f20a0205e0
100bf2f04529de90
efe9d208f5040ac5
e51870350cf14525
1d76cbd76b12df70
fae2be5cbb7f81d9
1f15f2f5e5f9bc46
03e1dd3330e7f213
dc0bcdd2644bf03c
81301bf1742ba876
cebff1fcc80bfc21
edc7e7f16fd4dedf
93b95fd6f727001c
c6391a058110048d
1327ee0917def688
bcff11be1d0607d7
7f40752721aef00d
0634f200defb220d
5b53f816cbd80e3f
6e2506d51bc7de26
4ae5f8ee001b3524
f8e4e332c4df1ee9
5d1381bd8fbe6e1a
e2ea3035ff5207e3
eaf1444617ec81ff
eee7e22a32ccbeea
e2ef07f3ed40bc31
0315df7f8b8bd9a7
fa0608160bfc0102
1aae2da6e258e60a
a6e7c406a555050d
d0f1e5da2eca93b2
fff7f40301ee05fe
1de3d16c7f4c26b4
e721dadfb820eace
03350e3b10d314e3
13112fac26faf8f7
39fcfaf600f30807
2f1dfb45265f21ef
0d7f38c6aa450142
a533f1b89516a7e7
fb1bb62933049fbd
33dfe306223c0300
fcfbe8c0f120b610
11b9f978b206bb15
1705e8ede7c01200
41e5173c673004d2
1826ef9de281737f
efbeedf307f7f1d5
240d5de7c3e527db
11ca218181157a40
37a55319dd7fc67f
07f518fce802f400
d0b3cff71f2e971f
19effeae57abe9a9
09ee25c853e7ee9d
9324ffbbf01acdf4
21455cfec4342db7
fffcdd13d1fd1ae5
b9f2813c9cff224e
bff6e3ab6a1c0f2e
2cc6166819122df8
255beaf12ff9f521
ff12d71d9319f9cb
ed1518f1f7e701dd
1dc1fed4e60fcccc
28fd88424bacc8ce
0adfdc1e16db7f02
e781b20843df07eb
f0fef0c337ffcbe1
f4db30f5f8598afa
cfd33c3213f6f215
15c2dcef6a47ea24
2820f025321f4325
09fd10041c221f1a
ff24391f61351ff6
81150e00e42be0de
f10bf51e7102370d
fd08e816e705f2f8
e4f3f73cfb485537
053f262232c8a0d1
2008eafafa02fd11
1add065320554cec
22c21bbb4f4006ec
f3013d01ed2a8af4
d9d5297fe0bcc01d
3769e957da13c40f
e81beee8c9ed0401
2bdaca49e040e3ba
05f5f1f467d1eb11
c46c454f16e2ff20
2e11a33e9f817fbf
01ecfee9faf10ae1
e20fe301e0d6e8e2
f0fef4ed0fb963ec
ed3df30726e6c284
fd0ffd030018ce12
81f357dedc34749d
180db9f7c80b68de
d4c5069f2dbb9e01
001cf850e6d6538a
02f6d11d062eaf36
c07fdb1708e1d009
0f0781fc6c0210d9
09152f45301be281
a4a10dd8213419a0
1074143dbf05daff
f2e0ec1be6e3f714
e9cf0eeec014abb6
fc4c471121f01b1b
1416efe67f19dcdf
e7db2e29e60ac6c9
e90f2bf8101ff42a
c858293c28df16c6
0a2f0825151730ee
3ce881d62ea54c7f
010fe8311207eef9
2e0c1162c37fdb51
83e9f50b0b390ef3
817f2117d1d1a3b8
391410bd631a0126
44331653154ef0db
e224eea9051bcdf8
c517ec60e0f3dbf6
a30c022e13197fc8
e724e9717fe5f30f
9c0b227bd9083bee
4cb2bcc42a10d300
15f804e723180bdc
02f7f887dc05e731
3bbf35813001de65
b8f74dfab1f90eaa
1be529a721edae03
01f1d6e0c20723fb
19fb523620182346
0f090d17e7c9eeea
3af70da728b834a4
ab2cb9ce1b0eeeef
abc5100adf320f29
4bc77013cded0643
b7b2dd9aa61417a6
c8d4f1fdfa15011c
1e0725d3e3131bdb
07f223021720e4eb
e309c6c5bc2708e7
05f1fcec92fc0805
45c0f7dac3b4e481
fcdbcccc020431df
0305151911171014
09c42bfd96290add
a65881d57f3bebf4
15621ccd30db1e02
447f1f8122cb0140
eacafec9cd1af9f1
200c9d583de22943
0a2a0d37027ffbb8
f3f5fc0904fdfb0e
033ff70cc3fe03dd
6bee1af622665f64
fce0a6e6051618e6
05f7f0fafbfef90d
927339412edfc82c
81d62142ee02fc4f
d1d74c2f34fe070d
0bc2151c6df54d18
e1ea0bd942c32417
d0f0dde6e6b3e81a
bd60faef425cecd9
ee8ccce23e0b1535
23ef1904a8fe8149
2bcf5ff9f3dc310c
e9cf0f18fb23050f
0c25e7c04c0d1e2e
5d06d2d6f4cd1d04
051e524ce4e813e9
8be9253d4d11211f
cf15cde22846a224
f215b4e9205ffdb0
2bf4ca081a28449b
ab21995bb52d326e
1b0104fa09fe31f5
24a0e8b825e2057f
d51fe72ef0c8fd49
24353b0c2ceceb05
f33429230af7564a
f5f8ed1c11c633d6
22fe9af4032f011d
de0ebb51f771c0bb
28817f17dceed932
a50fa944bdf0a5d6
9d1c0508da019a5d
2503030b0fd403ce
f0effd15f5d1e3ea
3c2200e5180bd5f5
eee921227f18e5cb
0be1f8e215210dd6
daf9def4dff00d2e
f72cf7a23cd21106
21e548ebf3e44ef8
ecf2100a00faf0f4
0d14d381d5c3272d
fd01d8fbfc31810d
7f04f8e6ecd70c06
2dbb3c08cba349b9
0e351820119d3529
d43bf700411cce0e
11e3b6f2fd2420de
faf8e1cc177f21d8
f34afcc53cdcd981
26dad1d5d8d81866
19e33829fbf5360b
7f2dd4bc519e04fd
1705e308f01ccf7e
1057a024e51fdcae
f70c21e53ae7dd04
a42c4be8810f1505
159be61c1d24ca3b
d2fddaf433d9fc4e
9433c3453005f9e6
f33176f75ace69db
a53e40c0ba2cd7f2
d8fd2ff93b0bdfcd
df11d0122ff7f311
211d2017f9feeca5
fb31e6d309bb1f7e
0c22f6f1eb07fbe6
fd373311e7d3292b
310393e7e0eeb299
291b12fe31e7d1fb
e1e5ed0804f78eeb
89e5300801023c0e
4590008111f319ea
13eff2b346cdb721
ed7fa6c648f8ec0e
c4832027931f3cda
c2f101d6bf090be3
4c49811aed818102
cd2417bf0206f734
520ef517d6e716fb
3f9e5f12d0350413
e72a3f3658130f4f
4f00141903b1222c
e32339073029e6b4
632bfbfac0de4c4c
00e6dcd3e8e4ebf9
5deb4bdcce8c41e5
0ea80625157fe8a8
d60320ceb15a91eb
5010c82ae80b24df
e6dc073e26361006
d2c8e0eb1fc247de
a8e7d724c36e3ba8
11fdf1c3488930fe
d2288e1ad2f57f42
1910f0ecd106301b
c2287fd52694f003
2d9d61d7d7cdc363
25f5d9299849d5e2
e5f0110fd32ce123
3c272a3b23efd010
fb05ed0afb22ef2a
1232c2ea30fcbbe6
5425891581963d81
f11c1b08570501e7
812bef2dffc023ce
45011432b4bbeb15
f6e7fc2e1b89f402
23f61efd2e880c08
19d0000b1dfc0600
e0160f170908fad5
bc7f38236157d91e
e0f9fb8130e24daf
08d8b33dec02c00f
0ff11e2a08f20005
d40efe1e0b0edc25
054d0219ea11af22
1413101b0becb8d9
2552cfe962d38f98
1914ffeed90fe81b
7fa809dbf2f32e7f
c3e4fec819fedfba
020114e18cd8abef
5e941fa33c7f79bf
3208f534a7f08183
55e821cf9d14eb20
f7c8e4d9e4fbd4bc
060017e00adca8ea
c405b9df7ed342a8
fbeeebe97feb0bdd
06bece133decd52f
452714b02f2945eb
def81f16272be451
067f100658361901
30dd242ab7ff6ab9
030b2230a5c5cb0e
0010c4fdcad23fe1
1d5bd2120b9ff2de
b20f810a6ee9e02c
1b005a81f1081ce3
27da41ee5f362d0c
faf912faea5a15fc
1368caff0ced69ef
19d51cf41af20620
7e75edf7190f8706
2a4504d515110d0b
19df2a0832200e33
81e6e90920e6b0e8
41ec46aa3b30e4f5
c04fbbdcef2444a4
f2e3ccfe141701b1
d8e9011c30f2e407
f4b4ebb405d705d6
de2afdcf0d192ed7
fbf9245709230736
c7f7d506befbeff5
e12df80b7fe2e01e
240deb7f07010fb3
9c020f31f24af644
13e80de6050b2115
f117149fe2d80e31
e821f9db5ff6e8df
eae9ffde110cd6d9
fa22ff1cfb21eadc
307f0853f2ddf90f
d6ebeecdf1e6e214
3ece12f5cdcbe8fe
0e0fa305d91ff4a5
63fdc57f24ebe401
b40cefb9128181fc
ea1e50e2e7cf9281
151935ab52db0968
b121100e220ceede
19f2fbc8d8f20503
25e1f303fc260622
c72c81dd39a0ccbb
1bf4f81ce0f4e3f9
ba3305e50eb82ac3
e607add9292601ff
3f042f08ae460fe6
1de3c334df3809f8
2db62a06921c3840
fad624e6da2ec838
ce20044cdb0ef117
a56381b8c34e24ac
6542bcae19cfbd86
2126de29ec344b0c
114bd77f5a3c290f
20fb0ea6c25b7f1e
3c1eacebf5d9ec3d
ee28bc0fa3dbf445
f2f208240a1518f0
1635bdfa58aa06fc
afadde21f7c0fb36
f37f14daf9ecfaee
c71da1daf5f3bf76
dfde27322f33ab52
4420865a3dfa3838
1dda7e1db1322a3d
e3abba2709ff0213
7f2fae0ed18117e4
1ddb0a1e81ee0181
fef04be2ef89c9be
5b9f2732ba0a131a
374db4e126cf2447
9ebad61f1612d4ac
04190afa380be4fb
63eacc0542b9e4b4
f5b0d704e723d832
185ebed1effa4a00
55173a4fd50769a1
1952400ce636fb04
7f00ce1149064ecf
2f0ac2000024812b
270edd2bc5dd51ce
104c58d1fbacb635
28097f0068aab007
e3bd0e2c2cf119cc
d821fde9f70db711
2a64b434fdfe72df
edebdff1bdd86417
be4dc6f0ebf7251f
f2e014fed6b8dacb
03e90d03fd0550ce
1511ffe6817f1f25
39c81bc3e9d9537f
f83e2eb357ec9e11
05ecf6fa04fda510
b8450dd3d80fbd49
44f20704c6591a06
2e35427ff81938e4
01fa0f7cccfe1bd7
e0240d2aed4bdb2c
27b5f4da2b06a541
3382ec21fd254323
1781c62017d8c8d7
37d516e240fed205
b8eb0b19be10463e
174d06fbcc0f040a
3b10ed231ba91aed
2fece906f0fa5018
00272f0feceb1145
1d29c635e2f0f90a
04d337ed21b93804
10fe41c40ef0110d
f4c052b90bbbc00c
d6c36b0be194c49d
e8e82cf4b80fe819
192212c6277f25ef
290f30049bee136c
0604f6240ca12ffb
15655935565d8154
ef7feffd56501e3f
0f9219e4dbe30d4f
0322e90f019039bf
ed3919020823c30f
06198142e3dd2523
bb3023c6fa8fc481
1014013002acffa6
7f492d13628523fd
18f6c2f740943a4a
fdf6262881c71234
f5f082db06d2002c
fe65efe52ed029e7
fcfedfa8e89ff8ef
c72769b85aec2569
ca2591fe77dcd93a
410208fa3db8a99f
e132930cf55afef2
e4fff4704ce03f20
134b6be4fafb14d4
00c5c57fa91628fc
b1fcc5381190ec1d
07240427e4ead600
a13efd6304e3d240
763e29e2e3d70ac3
fec436ffcf68ef94
bff8a4e630e50cf9
e501e6fc012ed830
fee210f52207fe57
f8edefd61d45ec09
6654490a5105e02c
3247ce02d250e0a8
2e0f1fdb0feef816
b5f74101f736016f
29cd0425195819de
7fa37f7fde4d363c
0ef716da21f4ff08
37ff35ede97ff18f
a1d21b00812217b9
c73df320daf5f01e
22ec14d31c0f05f6
5c3eee24c2a8e0f9
8217d8dc1aa5240f
fef34eb2cce3379d
1b65111eecc68121
f20af293f6bdf019
608515efc5fef19c
10f1de21e6360e52
8beef70347b602af
1a16edd9291dfed2
08ebf9132510123e
02270f8de829c011
b82b24aae1f90329
347fdcf6cb07f17f
56f191ea090c07f8
09e573d91407d8f8
442d2ed6e901efbf
e6eb0aff3610bd08
07d9c86df209edc6
60e1bc08d4fd24e5
3508d0eceff508f0
00b1f467e551817f
b5496d2747e11216
1a1074ed0ed5e2cd
294c3d087f81130a
080bed0d0edf1a2d
f6aba9c92b194834
cf1b69dcfaef0cf8
107526f306dd06f0
0f42238101e1dd48
818b7fd81bfb4626
4ad2351921ffcfed
bc0fe15d37099715
9681770517291e1f
d223d902f8d4b819
ef042d00f4c6d5d7
c44cdc4c3130c1f1
1af5300b2ebcd5f6
f9e5c5e727105cae
4eba10270edbe803
e8c44ddffdc8ea2c
d1e1d601f2ffd004
52b6d669e1bf6ffc
41d41c1418ed42ec
e1ffc7e6f8e0d106
cebe0cba37f4fe6a
380be173d0b4d7ff
16f006bcf4fc13ab
0c1238ef3bf52c38
150f02ae0734e2ef
e5fc1c1aadeed00a
fc0fa5e60a63b5d2
f0b227081a35090f
f129da194bb71807
b91913e91d3bc810
f7dd02f4efe30248
2507233b01bf2dbe
38ef6ee4f4a2250d
66be0dbb01f3cdd0
f11814eed6204ce7
fac203fe101afa14
47fc063a080d60c1
4fc60b7f16394833
4c26f4d5fede7f41
1ae00be3f2defaeb
f2032f50f320bf08
81fc2610210cf305
fbe502a52c39c4ec
21350b2c81ed0a7f
12012155099cc8ea
f52e7fcc4709d46c
0122cd30f525c829
01da26440c0859c6
02de18d81dbf06ff
ed0038cdcbdae6e5
207fec00ddedf8c7
fb19e5952c812404
dfe2c0180609e240
f2eb39251b0aa905
261e16ee0b03c02d
3a0566e1f1dfe74d
f63525df1f0de81f
3902d12703f80dca
49cc13e5d4198181
443708ea11f9fcf5
f5d3c102f7112a2a
02a7f8fb1572fb42
0c61be6303c63f55
f08421fa81b272d4
b07f2f36fa1e162d
ebe6cde6edf7db16
ecb14f01fe2fe54b
1528e4f7fd0ae43d
31377f26251213eb
c4f40921c123df8a
ca16ef3be202348e
71ca931510c9a715
4b4b3307e4e7bb01
28ddeef50bf3e62c
1f533ed513c94519
7faddc10ff090dd7
c0331cca127f45b5
23cc30dc0d27f2fc
cbfafbcbf324c34a
fded0cf007c73800
1beb5798df1c9b26
e04434e6dfed84ca
681e2018fa29ebd8
14c2081c0cc023f3
ffccb27ff4f535cc
241bf71740de2e39
02e201171be7ef2b
c728f21d00f5b00d
1bf91e3ec41ff4fe
1d600614c7d57f05
885df41503c85123
2ff5bc52fc07f639
11973ecff6fbf3f5
f7f82f04badbfec7
f9fcec0507fc2ded
00190a0820f8fbf8
d5810b501727cd2b
b1ccfb1f52f9d7e0
0c1d361a04e4eb35
f3fe06122508f8fb
0ef9f3b98110d7e2
28e5ca352cde041a
81ce12bbf809d691
f5f90732f80901e9
def1e0f451fe1b82
252503d41ae21818
3ef4fd19df7fd6ef
450a0f59fce7ccfb
1a20255117fe2604
224181688beabc04
22ea14829d4202ed
f713e07fba42dbe6
f52aef3fef0d0113
ff020c214af011fc
950739c1fed6c07f
8c49ebe87dd930b4
bb101d0e1ce21727
12fb0b14acd8f811
12b90f02fcddf80e
0c16ca68261a17f5
d072f12ddfef2a03
0359cf6c81010fed
7f02f0e938f60011
e519e3e441b72b0c
d40316e2ac81b8fc
01001d3aa4e51f6d
6a04d2f446f77f10
dc31350fe72cea63
8223429dc6e70929
ca21d6b0bc9ddffe
c27f7f6b4595f6ed
05f6e50aef05eeed
b2b513070ee00447
b6e4e681fc2c0bfb
47a934c714040a17
bffa072cee0d5201
20dfea5ad10c31c0
7013dfc0cb4eb927
f20d61efdb231909
fe112095b2d002ff
06f2d41002000ad6
fc3f421c55aded22
f8f7fe0d1bcbf2fc
de5340da3604ebef
08f403e6a7e3ec13
e211df04afc9b56d
fe20df0ce407fcf1
d701d7c0fcd0f902
65f503fc4b993e81
ed089ef6161de62f
fccc18f5fe3133c9
0238cbaaea821448
cdd805e6bb99cadf
b8360434df4c9e26
09fe4e1efac82ab4
1be1321956c4b7ef
f1a40118f95f2c12
e46942e5b11a9924
457d0b035122f1f5
181fb54508d319fd
2ef8ca9902d0e830
e6fd8b2d4116ae2a
1b54db4b1f812c7f
eda7ece0e42600c2
ac145322fc0613b6
e119ef18ade6d8ba
2281c22224151c2c
e80bea26f5fb00f0
59e581a9d4208106
e7e40de9cab4432f
6adcd9812ef264f7
7fdec5bff2ec2f28
2316abfe3dc14aff
efdc813fe0f9f92a
1036d6328183f735
f1df63db40c20010
f738cc0cfcd0fcea
eb5e0befd70d17ee
fe58bb34fe23465e
37d054fd22ba0f24
eafceb15cd17320c
f42fe4e1e53e5ddd
e0320fccf9fdda4f
20cd08d61c0865ff
ab19e910013ce109
f3e10f11f014064d
392827be0608e237
d2161610ec38290f
59f7e9e8c005e9ce
f714b4f3fc81115e
132725fde8160770
6aff217fb7a9ba23
e661e85fdce0ca00
0ae9de410533cafc
88f1193af6d0261c
4d12f31ec352e336
ff1d0509f9a7dddf
48087f3da5d1db07
f5ea30dd456b65f1
340c11190b1753fd
edb9d85c2d49f3be
25fd02d0f3f17b38
8181cc23fa25bd11
f4e5fbef4af481f5
0cf4ccf4f47519e1
d80b202f43d37857
e77f0f41142b5f81
6fd307fabcaab5f4
4ddff803d31a1a39
1e5e54ac81bfcfc3
0f0524ff1de70fc7
cf4ccf0ee337ad1c
f9ecf59caad10d03
17202602c0081710
3913fce64a4c0f19
57facb7f06e80d0e
2f3ace001df411fa
f77f25365a67f1ef
1df6e509610d7f24
96fd9ce21cd505ff
2b509503d69f19b8
c734880deae50213
075ee6012427110f
fbcc29c90a4df781
e6f2e2d0b6aaf6fd
f70c58cd1219ec46
c3a88fef27682bff
dbe0fe04130d02fe
baf110bf477f164a
fca687e3eceaf65e
f1eb6ef7fea80c98
e7f2050b1f18fef6
34a519e8d2e2521a
1bef37e4c82aef08
33fd231401f819e9
eafaa40e2b5134f3
b734c9212ef91ae5
990881d8c383b54a
dbf1080b32001be0
e394c40ee86844f9
fedbf005f5103b3a
95326ef30c020a0b
7f8cbff32e15f0d5
060df4ce810e5001
f52bd2f7fd36420f
f5ba097f412de5ff
df08eb4637f3fafd
62810458f317fbdd
b7167ff71c0a083c
cc53080109e8d60d
e3141a262e541f05
f3def01a62e35a0c
593a501cfefe4b12
eae925be0adb1c0a
051632eda7ee25d7
28fe190fa7e008ff
f9cce9fd150e18cf
e8bf46e5da33ec14
dc0f394aa87fe11c
1ff9e870b1169cd5
c70a271ce0e832c4
1ee72003417617aa
3e02fb737e89f0ca
64a516fbd61b6481
da021215dd1b1304
e2fdda0d748b0556
7f27063fb02a9137
f338e334db1827ed
330fd0221b2f02e1
4db59d23e6c2e598
0a396ce0d4541313
d6eeccdd3a2af50b
13c11b3346bdd30e
5a13e7d1098a81d9
ddf31d29a3ac2122
17b0392a7f1cf93a
ecef067f15b7fef1
080b5d10d7171701
be25ca71312fd0f4
1206f0f3e7f2f6f8
1715081b241e0a0d
3d0723d8def9131b
7ff9ffdeb7e9eaed
8925baa8c8f60d02
dd1d1c4a21fdc7de
57f0289cd9f6044b
d6f88a1c9f3a1a3c
a6c32fdde06bf658
ecdedf6a7211e707
1af5109b18c6e6fd
e2cb12a94bb00926
e0f6e3c7cafe25e9
f7f80bb1250c1b21
4cc4e90ee4e3eec4
717f8102d351df7f
c9f7fc97f3060602
49dec10881c7e245
3b1575dbbdd2051b
a203cfb9377fd202
9d48e3c7d2028122
b81d15391ee30c21
0bc0cce906d5e8d7
2ff11130161619e1
f8f0bdfc07cd1917
fb2934f52e1922f0
f0043d3244f507a0
13109a4ece080be6
f312e8813be7faec
6122fa92eeec281a
7fda1d10fbee310f
f502effe01db02ea
1e0238dfe9a34099
efd5f02107eabb0c
acf43e587faa944f
1eb007fde13a3556
0032cf03ffe9ec81
2df3fb1415161fbb
0707ef2108d8c2cf
dfeb150204460127
000b2ccbfa5702ff
eaa3d71013c5810d
da4df0f1f68205df
b0fd48ef33d4f544
f8b526f503611e45
23238a0cfdc209d9
2135bdfaf87cfa79
fea444d35811ba5f
1302e72bf9b9e6cd
f613edf903e0232c
37567f7f14b1e906
c2e8adf2edfabde6
b118e015ec7f0610
07ebf60604139fff
14eb4dbb21ef01f1
1d1e3c07fabc0c21
13f2d91f0504f313
df7fe6fafeadfb10
e01ced22df322dea
d02ced12cecabed2
1d1b130f0d03f4db
0b67bae6e3bae3e0
134601eeeb2a0e0d
12c5010d7f10e818
16fd0e15fe140f29
fef3050406fbe6f9
0d1bbe0be0f381ff
2ff1ec2e01eee78b
b2ea4c64007f3611
e199e77806e3e82e
8163dc2afeeeec0a
d887fb45f634ca6b
29c8f6adeadffb31
02347881e3d51ddf
1d0b6794c22205ef
0bdb23dd2209241e
fa2eec094b1402f6
fc22c61136e20cc8
1440e8f60ada676e
bb81fda114360b13
f2551428ed00fbce
6c26b5c00cedf831
e3e108d5d04dd476
b1ded05a573a081f
0235fd22fdbbd4f5
2106bee70724b022
b177281cd3e52481
25fddbf208f4ffe7
e6e1d6a4ced9f82c
1c2581ebc2eb1b27
f2f90f531229ce84
f13ad90224ebfc9a
0ef0fcd11829f9f0
dedee304713e2741
0ccb4e7fdb6aed20
2ae7e9dbf0e4f30a
07007f39cf0e18cc
defce86fcce8f7de
c7b93a4434dfcf56
b999dd1602fe26f6
34e209b31fa915c9
ee25d526da1a3bdb
e717fe02ef02f1b3
3208f52b06cbf649
4000f7f230bf2a13
ea06129dd5ec3c2b
3f2fe12ac80b1f01
fee1e2c922d2a9a2
fb8b1fd34112020f
eedb10f235e71beb
ff7f3105ed2a1fde
961e15ef3af31d44
25b5e3d081bd65fc
f3ebe5eb1104ee07
fea2f14d4b0d2c3f
3f3b011514c4e518
20221f156031e2ea
03ca0bd9f4d80df3
81e816e2ec2c817f
01c91eb8f9f4e70f
bf06ecf82830f7f1
fb4ddbe64dbc24cc
2c6c190ee34c6934
e0501a200b0ea9b7
fb332618ed7f1845
aa01bcbdf039d023
6013f417210524f9
05a381e9e87f6422
c30b10f8e805bb26
d105010e2000530b
07dafdeed00dcddc
161fb9dc006827df
cc10017fd0f97f2f
cf0b141dd327340b
05103ae29e79f84a
458a11f5cbf0bb4d
15363e1909f0463b
f9f71619ef26dcaf
efcc2f577ffb3eed
1dd526ee1635dfc8
021784f9fb0e2ad2
8b0d2af6d90606f9
18816ccf0bbc0ecb
fa460b2db0186a7f
31087213f51410e6
0c20cc040965ef2b
ccf6a9a40b5ecc2b
dd167a19d1c3e3fa
150035f2b535e1f5
26090f0e31c7cc01
8149b7ded653d92d
f602ee0504d23ee7
d95533d1e426f1e6
e90d29060a29cdd2
a80a442f0846f224
0d90ce1305471ef5
d9e9e915eb341c0e
f81a0d1230ee3505
68efea2ca408ae1b
03031ff62ce6faf3
2ad119b27fd3831c
04cf35c21a2722c9
a7c6fbb906e27d0c
5d4ef718bb9d3550
e0d1981923f48af6
f2390e51faead70e
fff2c810ea24240e
ae150213e70543f5
deeaf73f0be8060c
b5cb0953c9119029
181306ce0f393be8
b72b1e270c2f041e
dcef2cbe72e3b6d6
e01081e507090dea
100aedfb2c06e148
62a6e342af1a10e6
0b20f5f97c345024
4301ee1debfe0ffe
eaea13e2f65781f1
e1fffd81a8f403f6
13f73615cc0fb4e4
fbfee61625eb0b04
8181e409ee7f117f
12ce2e0500d1eae2
e301d1f6e312251e
30ddae2b4530fd19
e1f99a2bef050308
99e62895523b52ca
f47df0d04ca917e4
042af80c00ea1a26
06f8e720e3a0cc0c
07230d74b300cbd7
22f6e8fd12250b13
e9f70c0118200ef8
b536f0f217e0cd1a
2cf3c520d838d92b
953d12124a362f03
d71dc4fc42ec0a1c
b6ff36b7a8f80c25
321913ebc2d699b0
69598124b5fb0114
40fae94434b7cd2c
3cea0562d4db2c1d
0da30c58091c5763
482edd579ab0fc0d
892ddf37270dfb26
35e55adddb4cd2de
dd3554c0158dd51f
10dcee04ed18dccd
7df9da7fbd99361b
4fc2269a81cce6e2
e8c937dddce8f5f8
7f812508622d16f2
c11609f50416f6c9
031568c098640f85
f70cf213f0fef9ef
742dfb13e87f0de2
db1d023901b108ef
d1e3e04625f47f7f
f3a3ec0c292dd693
ba0cf2ed18fcf626
d63d9b21f690c30e
f31e3a1314dada1c
1419f50727fc03dc
b3f1c1fa3a25f686
62ed25f92fe9302d
ca0d61d260fed9f6
d4c3a4205f41f64c
0b2becfedc8104e9
924ddb6a74cfd53c
13c80205e306120c
d817ededcbe8f8be
de28fd0b2df23112
36c961e86022811e
1e195aff61eac7f2
055481f281f31b0b
7f4d2a36a023071b
43d30cf2d20e61e3
70aa070de6ffe5d4
2ae4e919b1eefc76
cffab9351860018c
de13e71b1b1d044b
aa18bb173dfac762
3b7f1881db07ed3a
123123c8cbcd3adb
194d0ef9ee1b12ce
d8f714d9101af5d5
33c407486035fd29
4dbb04f1f40bfd27
55436ff9a1bcc6dd
d2e207ec0012def9
af14df10354bf581
98de353214d96a9b
f73ae41efd06e6ec
ab66e3213922c3fe
4a5d396eb44c00c7
f4b9fd12d70eebed
100720fcd1f517f9
309df2ce302dc2f9
e24ee31ec3e70ef3
074340c8a2f84bc4
1ab5e4e81717fffc
da822e812345faf4
28ca22efd69e1a41
02dc81744481b4b4
7f44d602f30bd11e
d1f1110756075424
a2b5fffaf717f0b5
3ff7e4d2edd81d1d
e59839161c11e903
54cfda6997c9175b
e0345994ecdc8199
fb0ce60cbf15bff7
ecfbbec9a8f3137f
0d970e1858e02cf2
1fa5edb9509bfd44
b82af0fd7814f736
f47f0de681e34407
e7bbdb0e55c4e3a3
023f0f1f1ff8070b
fce605083d1b2b31
28394b48f2c618f3
fc2dc71a14c45215
2106d02665a5d9d1
fed3e4e677eefcee
cbfd23f8ad0ccf17
57ed10d65d390c15
0f0022fa21eb04f5
81a7257f7fb10eef
fb3448eafdd80b2e
2928febd080d5be1
4523e2c73b27a7dc
ff14213828332ee0
5642340058a40217
d508fb0611f2dddf
e41f0606ddcdd0d6
01fe221a031b1ade
f7c32cfafc04bf14
f4fb040c11ba28d6
07223285bb02fc04
31d103e91526e10b
c00de627fbf617f0
a406260c0b387102
fcd90026e191d840
f5cc0ef05ed97351
f1fbef130dd51b05
e7c8817649b3b379
12004496e3dc8154
10b24b3a0a6bf5ea
0cf2f9f40906f2fa
b37fb906f3ec2f70
d002f0fff830f820
ecfe22f5080223f4
a55248bb0681c181
f2d78bcaf9e437fe
0adfe9d6ba5a30b0
01c363abf5e53a4e
01190edee5270ddc
a90316fefdf7d841
efcd0ff5ee48b2e9
09080d170e080611
fdf90607fefaf30a
efef0a2c0bf62f2a
1feffcfee81c1a48
ef10e2a1f2f220f1
190a013535cdcf07
152f2efc88e0113c
26c6fceccc7fccfd
5b8181d8f30a5381
00f111c0e3097f38
05bb40fdf61717f0
81482a0f30cb7b7a
b7cee90aef2115a7
15ff10fa1ce816df
e9142326601def26
6fa116f9dd8a1c7d
e6540fea07e7f5ee
ee73da0af31c9b1f
cfd3dc5b23be0511
1e5e0ec110fb15f5
eda6c8f920fdf911
e6341ce133fe44fe
55af09eacb26c538
fafcf2e91c0cf1f7
0636fac8fbfe6f20
fd1c1de2fc1835e3
0bd5ff018126080b
13eb327f62c4cbf0
e23112e605070e1d
031e060402b6e436
25e326f70fd8172f
f51402eb221cf80a
2ed5e0c7de17f920
3e7fcceaa14f04d2
c05bec53d3da2a1e
e6f4d0c965960c51
010a320cc3174004
3901acdc4eb12e3d
26db28ef29d1f309
f73bd029dab1262a
a1e6051c6b0d1f07
0eca26edeea8d4c5
322ef4e450ed1357
05dc4265fc05e1f3
02dfea2f5160f53a
ebc236b11659f606
35c80dfcf37f36c8
1be07f0b1e0907d6
ec5be40955472bd7
d5cdfdef2412fefd
7ffbdeb681f2cdae
14f8ca44e3db2b15
e4d02009adbadae9
11c61139f5ff7700
0eafafb461392412
aeadfae8300d9a01
211828afefdc0019
a664257ff61474ee
19ee66d2e33d5de9
226ebf1d33277f81
c901d31f172edbc0
fe6822fcde1db606
25bd19d14d301ff0
4c050c17f5fbce2e
0c13fafc160fe5ee
f3f4ecf50cf5f6f2
1e0d119d32fa1dbb
05143bf6f90e17ea
18bedfa08107b9ee
d1c2ee3153e1f90d
533afe0c210a0896
d8fd9b3b5c30ef11
d12af36aaae71720
7fff5822075b814e
275e2603e5ddfa15
26afcef116c919cd
f1fb14d960f7c9ec
24d4150213de1412
0b4412cbe20ed028
5493c51b08132681
224afc0ad8bd0118
e7eca01b65e3d901
011212fd231523cf
114ee6f0d8aa2d28
338defeec74e2222
237fde12e816304e
256a7fe435f89bfe
e1ff15e0fa48260f
e51ff07f17ce233c
dfc61ae5b109460b
90fb69135781171c
fb20467dba64e7d4
15c507a9300e221f
b1dab8fd1517f605
2c08814796dae3bd
06c7e41eed0c2016
dab006817fa8fc13
fa0abbe920f5ef69
10c3a20b559d207f
0d40f4e20b7fe7a6
a71bed000433f51b
e60bd421e6d5c669
0a01081e0615d227
fdff191a2a0d2134
e7b30a110effd5f0
442a3fd1c9f90632
586c2cbe0dff5fe8
e3a3edb9698f281e
21aafcb4c02a8143
f9daf61e3a34e585
2ae667121e0e36ac
7f82382e9ee6f1f1
ca81009a1faada33
f9fa07e5e4e3c509
0e48e0912dec0392
20a787d193e2abd9
f2f31ef5d3fe43ee
00e121b7f502c12e
2eef2cef9029fe61
f30703e26311c0fa
110705eae4e90a32
ff55e5f915d0f9da
23e21c197023f010
17b0175ae4f2d600
26e7f7e56792010c
2c1629070ef66500
1dfff911600f23dc
1a3f8cf4d5edb350
fe16fd13d2def14a
f913e3fe06110bcf
ba1717082c230a35
d8fb55e22af9eb17
332b4c052e0ea885
d4f8fbf204f9f7f4
2fbb0a0e12f76b7f
810eeff037d557df
dbe5befdca11f062
bed347f036c97dd1
cef804ef00d5bfc7
15d80fd13b7f22c6
1e3227f3f7db1f44
e32710ffe90f4814
c1f3b1c431e4f8a6
2db17fd99e6c12ba
d10d29fa19fcffd0
f27fb222f208c4a5
a636d4acbfd3f51f
1d1a2ac33a111741
02fb02c5631d2ae5
dbeefb23cf06dee9
a4eab08181ebfb02
e6f70e05ecfcdad8
c9402e4a01f481a0
dee20be5c50f0d42
f21a2623d8f7144f
8f3aacdac6a551ea
2c0f1af92b0117d2
3dff0b183ae327e4
e21a44ec44ccfde8
0fd90dd62a33f613
16498116559345fe
d5ee07dffa2103fe
a1a5053c2cd8a309
f467fa81d23030fc
12c8a943281aa5fe
34002208daf5caf5
16c055dbc5c1dcf1
00f806232af91e04
d8daf6e762671412
5b272133f35ee5f9
191410eded1a7fe8
81fde70dc77f0cc5
f0fb121005f50302
d1b21531e28d4911
ff29da3660b7af30
8ee7fa2e71b7cd7f
dcc3f32c96e6a8c0
f9e003d6f3ad9b09
ccd9eefcc749e40e
de0bdd3b1e24920b
0f1228fca7980701
fbfd0112f2f9f0ff
1d1c5835f906342b
05ef05ac080bce16
cdd2bdd622937430
c5a3c6ca7f645019
d0f8f8e960a41226
576010cc3d33dbd4
f3d4e34ed32504d7
417ff50638e1e4a1
617f81cf42ce2864
5fe5fc0bd3f70bd5
453323eeaee8f438
a02b09d95195e822
c1c3e6ca26ce1496
f610fc170516e2c7
2130ce5f32ef280c
b244f5c6278c595a
e311c31b40b10aef
d3e625e4e27f0ad4
dd66d02fcf7d815c
dcd00730e01dcc42
67e7a9d32a29fc08
70e516d902d00a2d
b926e6e77fd0e127
7fc9e9e0a9af2fd6
e3a80040c90d0b1c
66f0d0d52df11542
49f0ff052b4a0fc0
72fa207ffc59d4fd
fd061b070b1822c5
d9f1011ee411ec00
1392fbcdd8c54acc
01693300f6ee1a1e
f7efca1d5ce8c28d
e73309c9f0faf401
ce996ce1a48932ce
3464f4fa0743ff12
732038e715f42e7f
547bc40c4bca0c0f
febe033032fde6df
7fedd32326e3e3a1
45e981f999b1c3bc
df01e91af7d302fd
4202de4207d3047c
ffe3ea02131512bd
8114065db397f1de
4081e8120c13311d
0eaaf0012772cf6e
17f5350a11e5f8f1
432eeb23c689040d
fb0413fb010841ff
41dcace619798106
e501ffd3ead8112c
6dc721bfd94a250c
111740ebdc1ce425
28b9e1f3f0e59a04
e726061611c6fbf9
23ef0e423a2377c0
753cf9f67f9a2803
e92bff26ef34ee81
e744f74b42ce00d9
98e0a6e31d93cf4b
b4f74037b1ee1323
120a30c9e21722f7
f70312f4fd02050e
1edde28104d657ec
af1119fbdff62fea
01d500db37abaa4e
51f7062bd4f72198
4be7d5f7efadd03b
e5220918fc9241d4
29ed06ebf50321eb
f5c9e5de277f88ea
f14731fb81304885
e739042509d31508
3de5ce1527f90d8a
0bf3ebd3f49a1a81
17dce027eaabcf05
1c0810e60414fcf6
a93a537fd731a6ab
37511dddb8190136
2992032813c22520
7f4e12eaff2aabc7
14cc7f50d96de448
fa1c0bbb01091506
9752a5f405b80dcd
dc1aa9f5f0cfd1df
f8b9e102fb0fca19
eb550f1909b236a2
07e602fe21f1ede9
d34ffda9e7be58d5
10f9d01d2a021f62
a58138e81b02fb79
0cc61f011f35eed4
002826ebf5fbfd0b
9338e4ba19fa9332
66ee1333de180e31
07cb0b2ffbd73d04
0af0eef0f3fdd927
fdf31802db8e65c7
17300bb6d37f811b
06f1c9f7c906dde5
43ddf1d71413e809
1dda221502211934
ffb69907d35af585
b30edeb47f5416a9
f703eb0c1b1b0732
dfd5bae71105d206
c813f01c2103e30e
3510492abef88175
e0c7bb00064bf081
a0251eb37959ecf9
06da081412d2fb14
2cd51a28032907cc
2df00fefeaf1e5fd
e1fc5e14da50e93c
30eda71502d829d2
cd48e64e2904011e
d99431c728b6c230
12c546da1cfadcf4
09b1fd1439263e85
ee9ed47f335f119c
cf8132e31b00349c
5940ae595206dbcd
1237810b0ce0db99
ca27e4ee45bd352b
2394032c130bfe53
3149fd100efea616
2ce9f012ff00f4e3
f0c208eec669e031
0b12f2ef27314534
dd6a0cc20eb71479
221ca4310e7f0a0b
9f360c140a560550
32ed201f7c18d40d
812849cc1af5fac4
ab8611ab4cedb20e
4981d01cec09752c
0646e6cbc8fd510e
f760cc1f013039ea
e4f9f5137f7f4224
4ac8dc09e3fdc9cf
65f8fce00b0920ee
d616ec2cc60a712b
2d00dd7f12ca7bd3
914225e811e7220a
e63fd887f03c810e
4cdaec2ae3fde32e
2105a32d36e2de4f
31c418b027ed4bac
8eea04e5fd1119f2
1018cdf80af3e8c6
6ea514cbcb1e0242
3a1927ebecfbcece
81f7112327fbf10f
6d7aec96fc00f8d5
512c6f063aea487f
fdaa8101de48f099
6df8e9ee04fb0bfd
130bf8c263291e6b
1ffdd5cc38e312bd
0c18c3ce11afaada
74f2e813dcf117ea
f5f2ca4fa1e8546a
1b4099eee62a2113
d6c4d4061bb92e39
d11f022754dc3037
b9fde13f31e52e40
09161f0831cf2645
4d7f61fb81d0c42d
0402f5fef60f11ec
e5253286e2eb81df
24eff010081d11f4
08bfcab2da453913
d8d62112af1b301b
82fdbae53ed82cbf
15d3010bd7f41f19
c5ed2e0121e61599
03f71c0b03fbf0fb
6ae21f7f0b16dd88
2135473cf70f253a
e7d72ef4080efa68
f790f0a112033fe7
e60d06d01c01c6f5
231d184c3a8102cc
bfd8eed4c93e450f
a37981c03a272e81
58cf09f21bc02200
061323eb133e5d04
1c122239c5e51bc0
03eec0d6121135cb
35f5140506ffdbea
ef040cfdfe000804
7f07f42903fffd04
dd0b29f5e3fab3bf
de240cbf19d5c6bc
a2e6db3ff80df548
ebbcf6e12b0e16e8
e7cbffed08b35145
df2fecf90119e6ee
f310d9fcac252dce
08ec2531f2207ff9
150781f1c9211112
84cfd6db3320e214
26f5d62c18b4c810
e8ce23f203e0be10
0809c0fde0ded5e5
2218160615e9a5c5
f9ede17fa09927e5
17f6e6020aef2f16
e681c405c5f1170f
f60c1ba9ef11a7e6
02eae61f1b30d0dd
faf402000fd6bef9
e47744c7d3063717
d8e124fb2cb215b2
bc3823091bb72ecf
18c20b02d20384f4
23ab142b40cfdfc2
101207ba27c41b14
d5d4c3d904a0ea28
05223aff09dd9a32
fcef170511e90ffe
eedeeddc7de7ae09
27f468ecfd106105
89e83824387ffbf5
0df2dc0b23f5e908
cba7a01e120131eb
14fd82bde96e2a02
4bf14cc37ff3ead0
0d1bf50d40ca0133
45eeea1f16c20a81
7f6253feffb99614
2628dc030ae5dbd0
f3e5f12fe51e0610
171ed85b81d631ff
f4cef102f2fcff15
0b01e3d3f3a01809
2b12e72fb88fcacd
f3eb16d7fbacc5c9
f017e7db13050618
f028159d0538ea0f
f6ff0bee0103fcfb
ff063363df4f34e6
e74d094dd351f4db
d509aedf260907db
edde2fec4f37147f
041734f11407fb2f
03159dd9d6b2eb30
1048252ae6362532
81f2b9853b7fcffe
e13fef26c3f7f274
210cd61e01f61ca6
0f0a07f6881b292a
e3132848d6fffde5
cf7ff4e60d1ffdd2
0310010cfff0fefc
4eff7f7f2f0103d0
09cae4b94dfa182d
f20e599f22b77fe3
402a0329f1c60a15
2d3306e827e40912
08e32503fd35e211
f6d1d44b251aed23
f5e6dbf00df91906
e52f47dde1d636f9
fde1d3d2ee13b704
dc743e7b337f9022
fef6b1f08dfdc2f2
2906c90e81f530d9
f145ef28bc15ea0b
f91b06382c342034
c2c439bb6c38e0c2
f1f76a072612193e
8c81af425a2f1714
d62a7fec57d7bf5f
16483732ddf10123
bdbe98dcf654255c
3ab622cf4663150b
5f50c9f23009cc05
ab4b151cf3efc1f3
f3c5d90ffcf5d90b
2fa1fd212b4cf6d3
643ddb0de4c1067a
125231e02801f1a6
d040bff742263379
f734faf7fd0006f9
d9f952e3301a0e2c
e9eb0d7f5205ce22
102bb4efb509f77f
ce1af2ff0a12f00e
7f4bb8120ed3b419
1291a2e86134c156
352096ee1a087f07
940c1b4ef5333017
4c2f26aa13190c35
16df050408134fff
7f173cf84c917ff9
fe0b020f0404fdf4
8837f466c4773eb9
10f9dc1d03ef0835
6beacfdbd23fcc7d
eb7ffec0c025350f
bce1f0e4291ba6e7
0bfd2e0501c4063e
ff90611a2881e0aa
fb0c12f0fdfb08f6
e069fbf83bbeb9b6
261734db226718d9
cddb4fd0e042dff5
f5f7c3e214f3100e
f3e2f42b1903da1a
dd26240fb729b64b
3609d4a2d8c52971
b6ad881ce906e3af
fe3c1d5bbd4ff847
00580f81620eeccc
bb5af71f36efe82e
0b4d0e1cdeded817
2f3716fce3180527
fa06fffaf608fcfc
5bd3b8ed15524f3f
03165cfb19a9f8e1
e233810981af602b
f30d13dddfc0e0ec
ea3cd8f8df5bee10
2041bfbce70c2dec
dfd1e4f42cf90181
e11ae1120d893c71
bbe1ff03bc5e31fa
172605131b4a2c01
0b701805ee0e4551
00e538094de3dae2
4b5a1cf2fb7f221e
f1dcf60ff4e30e1a
048109cb0a0602f0
4fd2d1cf20e28cac
e8e1cfea1c282fef
a6d51e41f1b46d56
cd11d20d09f309c6
259ed70516e939fc
5532e3d17f2a7f1f
f77ee9b9cde322fc
d542e3c4f9084edc
2815f4edd4a2f4e7
f2d10a67fa13fe08
bd4b4a045c6af40c
787a00f80c5914e6
d755817f3ece06c7
2ee6f03b437bfdf2
01c5f10cfcf8f1f2
99fa442b54a01e22
7f6b1140ff0ed939
e7a31846a1abf839
ee1617f3fd00fde7
04530fd9148b4ab5
12da52d7e1115115
55f9ec14f7fcab08
b7c8044b392acbeb
bbcba900530dd681
1a88331811d794dc
5e141317d3442bbc
f1050b17ec081401
cd48efc258e41c81
faee29c5f7072efc
20d3ce2dede6f72b
85de27f27fc558c4
e0e01827c5f915ff
30ab021b00dd0407
7f1e2212c4ab41cf
eee5ef1bfd1afb0c
29a7dddd1dfb2322
bcfa0c059f340306
927fb00046fbf002
250bbddd0307e9e5
cbe7c3efdfe720e3
f7012351be7feb0a
69feb27f103b36df
b1cb7fa9061121cc
f3f4a511e8dc09da
06eea1b9ab10c716
ba16c9fb2df51bdd
370e97dcfbff0bbc
2712b41ce028f62f
ec09f6fe0c07fc00
fee2284ccc2edd23
cb43d210440dc2de
0e295bfef623f716
3cdf9bb2bef9623a
d9132518f11b7f10
21f1b95e393dfa10
e519fc07f21300ec
370824b9350efce3
051833c8b48142b4
d3d00cdc043ad3e5
e0de0002f6d508e2
387f251e1dfda189
c7e9757ff5f9a52b
ee33ee0a0904ed23
7f3f3c2b1c3be110
d81c7bece00d3781
3ef452d2fc0f2e0c
0ff8f72227aa81cc
e6176d6e2d0cfc20
2d04f835811af227
f3cde2d826fb1201
0fc325db2423191e
3f4ef0132a0ac241
f7e701011cd2580f
beeef422eef81725
eacb440ff9400ef8
bf76f1e4ecd25590
f61d2012a9abe97c
5201e1141b0cf9ca
eff6f41a0415ebf8
da693df4f2efedfd
f5b82b07f4ce1d60
22ef11d12003afe8
ecfee8f7e7fe17e4
1402d2b64bed0f03
1c02a5f71d052125
17237f379b121044
57f7f7cebdd04f08
00c20cf2ec2d8401
ce11f9ffe8bad9df
0a20398fe3063ddf
bcfbf9effce9d204
f2183a7f7f293512
ec150c06fc18c10b
dfff1e835c35557f
ed7ff835dd0481bd
13d9f8470e1809d4
16ec1020cbca00e5
25e701f2fb948427
0cf0f2e41718eff1
2768e31aa3ded205
fbe4fac7c8ca0b18
111824dc150326c7
64ebdde815030224
d815f7dce607d8f4
9de04531dd14e8ec
1331e2ebd8e8d0d3
12c72b339088f633
7f1f01bfcc40b6a4
1151dcca0bf10825
2842e84eeaba90d5
ec29814165dae0e5
cbf92107f4efcaee
00fd01070506fa02
52c9e0b712d01cf6
dd150cf5fd1b2dac
1d060dc9af7f27a6
b323fe54e7f9c102
dad029ffd7ffed07
a0d102731cd30024
0146d6fbdd08f4f3
15153740e4a5fc55
df4102d8bab7776b
1fd817c3c3f4fd10
7ff16767109f04d6
fef27ff8fbf9e2df
cf1453f0294d3f15
19fc17e00f11fcfb
d3ff03fe9f261299
42e403f22345cb16
f6e2fa37d616f0e5
c10ead155befb239
33cfe12c0a6cdc2a
1ad722e0fc382ee6
86f06aae29112c5d
fdfb3b32e4d0302d
2b0a488127d5502b
ff54b3350c31ede1
0e210dfe2901d5f7
3604126fdf007f7f
2ad2c9e1fe15d1e7
ce814c9ef81cc3f9
ee0ff7ebd20c3bd0
ef0cfafb0304e2e9
53dfc8d58c0a32de
1719d30940c6b99b
50073c321fd9cc35
23f30240ef18d3ff
3be0482024481260
1105a6363915f8bd
d7ddbdf5d67ffbfe
f3321d397fc46047
b71dd5f7e1b6fbf5
69cc1004bc2938b0
200010453a013525
deffd1305d431bbd
1505e34ff212ddbe
14db742d3b3235bb
072f79dd7f2d0ee1
811a0081f805a874
180d421e0108c517
087b53280ddef6c6
283be265e14af4d6
e2faf1f528241661
f123129223d5d7eb
37e432f1b3fef5f9
17f5119bf2f646e0
08d0414dd8b40dfb
f3f0e9ee4600bfd3
dde0aa15aa2108e5
f504350beedae4f6
df2c9c1464500038
ff2c6f203ec4e50d
da134ef133d1ea6a
c3f4a48d51e0e442
f0db7fce52281f16
dd81c2fbd9391bd2
101aedd95bf4df1b
1316b71817b41981
df192edcf3818144
f343fcbee5e6dcf5
e3ab069b2c2e7433
f7fce156e7101313
eef5d0b12f06d205
d9e0dff5ce36e427
3afd22a2fee8ed2d
2f390812eaf8eea4
40e17452df2be5dc
04f2fdb31c2dfddc
21d0eff707ccf6f9
4163de13d0133fcc
e30affb259b5dfce
e6094086e6311135
021d7f0fe2cdbb3f
c00dcbe77f03f9ec
0a130cb8d0d11b27
b8abf6ea1d5cb7bd
f5093982e08117b2
e32e2b1fcbbce6d6
cb02d218ef1204f2
09baf5e4e5443e0d
ef8cc3cb31d0143f
0aa1c612f0f2b95e
333cd47fcc22f748
0837febd152cffe2
3b09fc2beefafde1
191909b94ded10cf
00080bec26c60325
eb041127d8ec3d16
f40b38f136e0f6bf
c7314944de6836f1
fd2c6cf34e0315c3
fe1eeb3948b9063c
81e6d5148f3dcdcb
4b81144a37268110
19e3160722f2197f
13d1fe01f4b5f807
1e26d8090b31d642
f4250152ff3c2ac7
1935f815c8264acb
f4d609c4cc2b224d
0e1eaf9e107f3707
de00e34a6cd704fc
0e81062d3c85a57f
7f4c3537040978fb
3d1d409fed625707
6f4cd4351650c992
f046967f541481d8
debd2749fa28ac26
c0ff4a3db6d0bef9
2bb204f3f207f614
f031301408e3ef2c
0acb320c124a4112
dcac403411631130
e20e0fbfe0fa3d0a
3013f2391d330914
10e53dd5de02521d
2643ecb5f5e73441
e941ba4a125f2c29
21d12a6b210292f4
1266e897815023fd
0b2ec31526b9cbc5
1e00dffac1d620f4
113c1a56e9d8e50a
080ec73219dbfa10
d4c5ffcbe9091628
0ed9db22332be6f3
0ee581e8f7db40cd
3fb544dcda4701f7
f648c34ff51345f8
e7e9c92bdde4d620
1dad3c30c6bc0649
0fe3b509e715e8f2
cf1fdbfd01ec1004
204c2bbff4812d20
fa1e2c17bdd90a32
fc45e029ef3af21b
0a2b3f5d0c654261
f610cc46ffd61d04
ff100ebbe495e61c
cc37aa6b81bfba56
fdc0d210f83c7f3b
fa73730202e12209
15306ddee01b481c
f867192aef090f12
e81ab7a23533401a
bc23ec0afda90923
cf32287ff1a45d2f
0ae1eb152c31fad2
fa09148913eded7f
830ad732e0a5d5bc
132701fdfce029f1
f1e60ecd0dd635d7
1c601d21c8eb33df
0fc6bd0f3d6a10b5
23ce6bf523e9cb16
81dd7fbd0f4f6112
c5d92ae6ec8efca9
56fe940d090a07d7
04814813b42cd412
29ce2ed86286f51d
360d9fdcfa311a10
d4c7d7bcd134da08
fb07d665073afcc4
12de8b5cea10c027
35f38c7205be9cee
35a47f9910b7fbb9
4324153a2707ec44
f28119662131ce2b
301407040e5756a0
2518037f0a850b20
06ffbe19132e17b9
19f8e41103259e18
46a22641817f6817
c30a166ed4c5151a
f939003a2afae42c
53e0371004b87f96
39132b23b5bce6fe
e732cfcded38e362
5bf8d3e60f371dc8
180d16c345251132
7a2ece0dfb03bf06
b511ecfb40b3a807
20e552d6ebf514c7
02f8902814f10ab2
13302be636c426da
c524da8204f51202
e32718b307dc4ffd
e623eb082e181530
c6ffd368e7ef4bfe
a5e33bb803458e1b
81dbde00dede001c
f13ed22dd6d8ed07
61b8284a42c5ab7f
0e2503ded7270704
ac06d5f543c0ac29
a63819242910fa11
e5edf61c2618de00
38541d6821e2003a
2f18d33fccb02bb7
37810f2f2da110dc
fefaad2b094b02f4
c7412e15b4522b03
cb726125c99df0c0
0215f18486818ce8
b0cfe3ce7fa41629
591df1d4e6ef22ff
710f43cde9ca2be2
2218aff206c7430e
571d301bec0cecd0
1835818133eddd7f
9d34f7c11e0e3c25
a4112c9a36c4ecfb
48e75c3a1aefd52a
daebce20d8057fd8
0925360af9d4f012
69eeed0ae432b520
6f1c16eec7e3f7f9
0611c3442ec653ff
3cc5405bedf5e021
c4bfc4d914f3045d
befddba2a50da034
0401cbb249e9b6cc
e7042f36080e43d0
813308cf01e934ae
cb4ac111eccaeae5
e6f2b3e5fded3cdf
cb28e53e2a115b1a
ecf9324c35c004ba
f816eb3300749810
81107fbe7233bf7f
6dfc0fb5a5cbd209
16642c02653e92e1
cb35a3184449ce48
0da64ef600e9c29a
140f1edbb054aad9
f6d4f859cf181421
39f703b67fec1e0d
ece8fe33b924243e
ecfc24261b3f12c1
0f06512afbef4cef
0531ae075ee947d9
13f11116e7031b06
4e4c0af2d8084527
eef232110909f81c
11da0c02eec61e25
fafdf24d27343df8
ff7fe721cb077fd9
08edb11625da3fc9
0d19e4552f382540
e75ad5137135b536
1dbd4252d07f3c08
c4f8ee08c141be0e
f76e0a22e3e2d0eb
1916161821bf8407
080bfff3afd53a43
dc3cd907eeead524
9e0f4a7fedd51e21
122ffcf6aa0381fb
687f4117811a6420
812512fd0acf0a05
080002e92317dffb
ae297f03ed17a814
42fb0aed60e221d1
da342afa2a5ae07f
fad937c8cd08d634
98641ee9c7f0220b
281acb16da351244
23addf8106711013
031db03a04464ecb
56a8d4e3ebf1dce0
f8c321b35c1bf021
0233ca254e21fc02
4242ee01c40df5de
91e8d8da991d3808
09ccf82045db2c04
3a0023fbea2f1918
20aa1d0ce62ae1b7
4ce8e9c22b0804d8
fff3070c2ae4180d
20bc30eac829d8f5
4d2dda13c421d7f9
266517a25a81a9f0
d3fae4d740243015
eeb1df3caef6f21e
0bf358119ce92b03
c8e4421bc856d8c2
f6e0bbf2fff5d0c4
c8b02456a5b2e6e0
db09fcf0e10c4909
40e8f138e2f6dff8
29e8f0b2b781f51f
4133d9e0fda8d8df
d432555af50330ba
15935d9620f99197
3c14118e00c87fd4
d2b4391053946b34
d90e1d0bfea7121a
d27f58f9dd160827
1620d933f6e2ffde
07d400b3c1ce15e6
10f6c58115c5c8df
abf975e252e1b926
fb1d05ef29f101d9
6112fff87314fa29
ddfae3ad2622a8ab
ad06da0afef10c31
11f4c6b9df6e9e4c
ca5625daed5614ef
c3ea81eabdea3be3
2b012306a5d0dcdf
81daba070ba263a6
ca1af9110d071d2b
6768eb1fdbb440f1
de3961e0c7de35b6
0cd9fe2d0a0b2ddc
0117c4f83641cbe9
22f24d181d342f9c
acf810c536aeda42
eeb62318e748e022
e4db2a024ff800f2
8e16e2397fd80481
e1f05f2c11e8dae2
8113a5077f2fbe48
fdceeae902f835e6
f7f4101f21fc15ed
e65702f3d6d7f30e
d333ef0ad0f27ffa
bc1aa5083ffad637
30c7d28124e71f81
1ab2ec101a11d0d0
b2cfeff9fe1b0430
bbb420314603f71e
e7f490051cf0c3e1
baf247e900091228
06fdf70155e2f7f5
e8410d01eefe884f
2f1047d8edf923ef
d358ff13061df209
0d3cc20f3de2f34d
24c9bff240f20971
db3bf3f3eef62448
3bd8bbe8660ee3ca
f71f01f32107e8dc
d50ff4181d0af5e0
046d32ffcafd1925
a6d981f637144a1b
2e45e4f8e813249f
f5e7ae0a52f141f7
266419c0bd0eb31a
dc3b1d2ebd812aae
008133df28fe26d6
f7f3c537f903f228
2cf3bc141d3916ed
11ce0017e8ea274f
dcdd191b06dae73b
deb7a67f27ca32d1
4b1f27c9e6064983
cc44d52c5907079c
eaf881fd4e7b817f
4f292252ba3b0714
f8820bafbb3221a8
fa4df7c0c9240722
fe04fdf419c2062a
eac936f9d822d5bc
e6090ec8ed57cd62
f04432d9d3e1c021
2e2940d4e2273b2f
dfea11ece5f920a5
11561e16a23bc01c
4335e01208b8e6e4
b0c1ae3635d32e55
c04928f50840ddef
7f0dc3327f7fc9ab
1d3714a4ed1ded01
ce094cf1253322d3
122ffbe0ed050720
11041ed3c3c81c3b
f881ffce2333a374
0e1cd439f398dbae
f7e806cc30eddb79
ef3afbfa588916c9
01fc0cff6007f7ab
213913ce454929e7
e319e9f3254c0415
c3a900bdf90e5168
381c27d039e7ff06
400ed06b089e293a
f3b4230e1632e7b5
f21c09eb2217fbea
c7f85e922ce6f0d6
b85c47eaf414f0ac
2628902ff8ee32be
ebf90c9752200ebe
ef9cb52b7fe011bd
06bed89fe3db1225
338d9a302701d84a
2cb227816a050135
7f4ae8eab23cd481
54d2c9d4c81be803
50e1212573e7231f
361ed70e051df26c
3ea51da34f7fba21
ad663304aeaff531
960119fe24420571
d00352ffbedb2d1f
1434dff112f2e5e6
030711d52efcf91d
09147fefc25528fe
bf8d5fcfd212121a
a1c0e04ec163079a
db7f2104dfc9e303
0d6a93fc475405c7
fe5c035a706714e8
d511332dfc05e047
4dc5ee31426a1816
c516ceb429287f9f
fdf0e5ee8300ffc1
64e17b1bef0942c1
817fe3b53748abc4
25fb0c280727bca3
194129c80baa353c
abe5bf2e5f81eebe
36fbe43cfe386d13
5331ccd5080231d7
eeef1a990e3b50f7
4156b342ede31351
f74d0581d7026204
24c91f1b24e2bfcb
e40e81dd08e9310d
2bbf1c42f5fb1c11
d93de0072941defb
373727edfdfe01f9
1e9fdaca31c17f23
e018f237260849e8
4798eb97d8d0bc7f
0b4fe51ffbcbc302
a86069ab24e1c2f2
2c066c0fe7ab1327
03e61cb0d0cd1c40
425e180e062ac634
44da0419170510b8
97d809fe452be243
55c04f0620bf282f
2f0effab61eb2fea
972a49f5fed5d2b3
2db515f4f818279a
26d323dc00f3338c
2edae3f74140a6f8
0518d0fe7f1acd6e
2b5817c67598fbfc
6817ae06debe624e
3c1428f00505fbfb
27fb04d7f734f5f7
9210e60081e3dc46
25d52ce8b6ca0901
1f10673b263af0e2
f0aaebce41edbb09
42115602c229dad5
bae73ce4e7c9e227
da10f5271ddb7f0e
7f05c7d526f5f0d4
d304f2dbfb2ed402
d2f9feede193f004
3cfd942b9a710eb8
0833e178f47faa21
0ee8c8c92311047f
e7d7fb7fd8710f30
051e35d4c7afef3b
d5d9dfd60223eb5c
131355a9b7fec385
e6440112d2be150f
c9c1df10f9e4230e
a30fe4f2e108339a
090f1423feb9266a
ab7fe54cea962e24
9bc569d337ef06b2
2afe72b4b0fb20e3
0426d5c109c4e34b
edeac7f62cdceafa
83b47ff4ba52c017
0bfa0fe942f4decc
e6fd23f3d5eacf10
feb33628b34a09ef
f7b90ecee0364bf0
f802c699feb6ab07
0d8fe6ff51e071c5
3f4dd8816e3f06cf
0ab19249105cc3c8
5aa117ded381517f
165ed3a8000f6ff9
f8107a7aedff1b02
d801041bac10de17
f6e9333b46b7110f
81e2c5c1c6bbdddf
56c1e5d815fdb8e1
3f5b361fdca4e6e1
2311ff3db9203f0b
eb0b161ab342d4d9
e3586a1cd9dde2ef
da35c41b022d1fbc
1baa3a1f3a37e693
4527b4131b00081c
66e3ddf07fa60f3e
ef00e63aeeffbe15
28a50ce419ed6220
58f1ea22ce204126
3c7fd6dfd9f14ef1
24f0bae42bcb08f8
0eefd6054e1be921
2d30fec9a4f77ff8
ed340d3c844f62e2
44c0387122dc1be3
f068815c61b6c2d7
1440f1ed0bfe23f7
b7f2e2e71f2bc22a
bafc35053231f8c9
fdd64107ecf2f4c5
e8f2d151c0ce0f26
2fd6d3d30ec83203
3313c6db8fe2dfe8
59812dbe1f087f7f
05f348f79f182617
ebfb351adbe61717
f7d14435e71fc0d6
0101f36bc0225ba0
d04055161b47bc22
15e7812f031929d6
d9d10e0afee5e2b6
608e0b11ffefbcc0
f20b87d30e35983b
7fcd6ed148962cec
e9f73df8adb50ee8
d8dde1e4d2cb02d9
e32a48c216166653
e0fa050a19e1152d
3ddd183cec25dd16
f407fc03241afc49
020734021fc06101
c4f80efe1442d70c
dc9ee03407d68be0
20b219e20be513f1
1e7ec5a7e4ece63c
85e8fc19001ceae1
b12321818181e474
5dfce50cda1efc3b
fafd42b430f34004
31f3a70b56fc6a7f
f203e1301204e3f0
26ea16eada22f8bc
db0169d87e05efdc
5104fbe849ebd9bf
082208c8f9e72609
cd393d57b44d8105
fffdd0e900ecd4ea
fcb00ffd47eadb75
461af1f7270cfeb2
f8d3f1ebb7d96f79
15b7ad0681283cd0
0e29b71a452a1100
c8f6b1f0fe452dd1
4a138d56f1175290
f8c1efb0c4d31005
e41fce9847d42a6b
e535962a0c311ec8
ff157b0cd7173545
fd02052e02ed1112
7f29364ade811e96
9b7fca7fe929123f
f2b3c0a311c00f02
083d7fe0f105c808
b313e1d14e062eed
fd001e5e100f000b
439e28efd8222d2b
b7cdc26af61ff1e6
0fdb3da9fca75a01
5b0afa4d1402f4a1
3126c7e2311cdbfc
4ee34d12f839e511
fac42f18ae7f3a44
2bea0100c2dc1602
1337180dfcebd426
05b1d0abb594d348
c1f9fdf30c18fe07
24ee06fce0d50107
67837f34d6ebe633
fcefc8e01d26f1fe
1a814df613e003ff
ecefdd00f3f6db0a
31fd660409ca12ef
f82d090cbe6c8157
05fbf5fc0901ed01
c739422937e59881
3811c52ae9ec042f
f6e406f4e918320b
0b0a0cfaf208d337
0b0be8e304d72b06
b0ef77e5412610ba
16e3179efefae213
c33762d9e93fd01c
40eb0b20f1d0f9f3
b5e158204426ecb2
812efcf50c0f18f2
8ab4d17fb010e8b8
dee4d1e008d042c7
d7f320c8e1204724
ef30fcfe1035b11d
66140c4ce3ecd2d4
e2ec06042e062be7
08d6ded081d3cde6
51ec01baf59cc1e3
563d03e4e8bd42fe
002a073ce000080e
e77ff88fd602cd09
de0eeb47a6da8e1b
e609f7cf11dbf214
102cd4131df5190c
d7b40f8c4a09ab7f
e70ceaf11e10511b
4600cb27eea4e5e5
1923b327120bf611
c80737250ce68fc5
46e7134583f8e821
1a0ab8f5fddacd19
061ce42618c60dfc
9efd34a012d80ffd
1114d84020932300
e3fc010bc8ee5d00
0feced7ff3d82bfd
f45318dfe5b21624
fdf5eff810e50afd
6c4120d7cbda1abe
14a334fef9697919
13570c0fd883d164
2926dfe6250bf900
3b641906ef0c81eb
f40615012104fd04
41420c9bc97f86e9
8149e9ec8123ede0
2ccd7f9a395dac0d
c5d017080917ce79
e8d5f0f4cfd3180f
de0f0d03edba1140
0b23da381059a264
202eabc504edfa3c
21fbbdf247b00319
5af0f5cccf3dbce9
e12a1119a6ec01d6
4dead50ac21f084e
053b7fc381e634c7
f3fa0be41b20dd0b
16f015ba4c891337
e2f326fa07292e26
24f5dad8e5e8d9d2
e2f5c94523ff2510
01fafd13f70602ee
0a16fa7f11818be7
bff70b0e4118131d
fff220f8ecfb3520
d500ced612ffc553
0600011ff809f028
1b18b4b2f3948149
8131f7fad1aede06
210e0db7261beb53
3d245e8429004f28
02020df1c914b809
0cfc1d66d8280501
c48136ceb9e6004b
0f07de9ecccbef81
1e1fcb0b3ab2ca64
f72ff61c141bc8fb
fe04edd466d27117
06eef9fa1a0cbdf8
2f08e9d0d03c0db6
2a813d81f434207f
3e6578c637432741
01e33513fee3cf1d
efa826fff2370a2c
f2ee240831de692f
06040d0922e27420
ffe17ffe0106e5f2
201593b90005ed14
2e15d9fad9040d31
601e2026f8337f66
ab15eded0cfde4ed
5103eb19fb2c113a
79d458c920ced93d
810015e8e454df6c
de24dbd293e5a5c1
2f1473069242d2d3
ca304c0af4143c94
dafa693c15dceff7
ca0333d51be4dc9a
2ef92014f0dd0ee6
be09040df8fd00e8
3cb46a0e817f2116
ddfa45f1cf3d41d9
05f3621f0b16265b
c5f9d80ecf40edef
50f031ebf9f4160d
09ee1be7fa07ebd8
10b271e1433f4f5f
2bfc7c9bd0073fb7
d7f78d32e7265fd5
d711f91ddafd3b31
d9e822f611f3fa2f
063b50816cabec0f
025fa8f20bf32512
31e80f3a2aab46a8
1d0a140005ae1a1e
2cde068781c0b415
fcd469f3af10c0e3
e9268deee0b83bea
2681dafeea16137f
c504f91b17140407
3dfc37f5109cf500
0cfaeb301621f70a
76eb5e19c3b960ed
fa1ae3fd06cbe5f0
eeff0e0b0d070105
44090d2d147f8c1f
3610ee268c03d2e6
08070a07dd032cf2
1513e7d6e5259ad3
151d021d1ceaf200
c9e31d0628d2a42a
fde6c64515fde4fa
a4ad491df1db819c
65127f17252361d8
7fffb0972436e5ef
edf715432004de11
20f4ebf31ae1b3a2
a1afde205f041b29
ff113c9fca092012
da062999d9d3e5d2
fc172c89bab02ce3
3603d4ccfb2803fd
202cf9fafa201c1c
cd62de42daf91f37
112802229bd7c7c7
d91ee2f802fbf8f2
3f0d6552e7f250d0
e43d20d00d69e7f4
03d6eb12e54c110a
f40002e02a0c0605
882a20c71705feab
dddb07ea0bbad626
4f2a0bee0fcde519
e7d0e0d30cf1e735
1af7102d1f7f129d
9581a713e7ec81c7
3dc5bfe281c9241b
f86db7e6d6b92a24
f4e43c355758db18
d8ed063c01ac43fd
3d0408d0313db407
5715fc04f828f4db
0ee509002c0606f2
fd1409ec0101f703
aec539f39e08b6b3
236ebc59bc06a3d5
2ffec8ae3036af81
810f308105520624
04dfef171cd94b08
1123fb0511e22400
1f24811bedcaeb36
bb65e0e3aaf90e24
e59030e1192fe808
5966f8d3e4ee02fb
350202cfb1feca02
f7c1ef35edfea9d5
1b810599c014fbeb
28e983a31c2ada1e
f929ecec122fb5f0
fefd0c4705122f16
0d25c23adbf9020d
fc060d7f3803f32c
7f2b07e3cd0b6527
f9cd021eeffe12f8
23e47e67d7dec5cf
ede2edd9081b0903
2b5b9017e5860d17
d8eaf400252781f3
ffff0df3070410f9
c9c27f96817fdc23
4e128e190226a99a
f7e0d1dceb18f2fb
130d5df5e3250029
f7ed0928f50c0112
ef004811d2f643ca
f71370d200e92634
0bb66465f747fadb
08bb6765290de30c
ec8782a03b4ae7a8
280dae1b01170a02
f3ccf2de2ae9dd02
ab6fd12c2806237f
d04653d8e3190ae0
d8b91b44e3e1d493
f27eb9dff0c0e0d0
fce1200413e2dbe2
b6e7e40acf0fdb18
09e481c15831dd28
f5ec354df5e381f7
ee0ef9e709f9fa21
01d34823cbef0d79
af1d1bf1ccbd0e48
050cbd141c3d11eb
ec172eb31bc00503
e51bc1e2cc32a541
f9362111f911ebee
e835f070dd963d81
32dddae8012f0be0
bede1cc9a8f7314c
8116db35f717bd8d
24b86521e1481103
ffaac8e6b9f4e618
a85dfd4bab333bc2
0cfbf01e7f149fe6
1f7fbac7c3e2fe1c
fbec03010d17f108
1db9141003fc060e
14ed0ef602fcff02
e041ef121a4e61b7
4410be7fe9df43dd
e5d31ee0f89cec1e
d9f9bfecf41df3e6
0b380fb51107f8f1
0ce6f0f611fc01f5
a8ae61d83cc82252
dde6037ab47fefed
fc3ff02e2806ca3c
132216e2c63e9f0f
13de3ee60102e7f8
e70dd913e74220d9
f119deb50f002c56
f7290836e8405216
ed09c9ec2e7ff343
188111ba7f06f1a5
b5c50172f4dfdc01
5feff826f8c177d7
d43ee881221698db
fdcade0c1804fb24
fd313c481b2d0d0b
06fcfd02180fe6fe
e832041848c772d8
d9c3240e06d7c11e
09fcfdfafb0b03f8
ef567f61d83949a9
0147fae3b2c692eb
e8e6f92014fde625
26d5db480a3fddd6
ffdbf22528fc02fa
b94201db27e70a7e
d0e9ed2411faedef
03cdf2b2e6127f27
fe07ddfd2ef2fdee
c518084d22275921
f011ffe521061c0e
0634a4b7f5e5dc27
0c27deb7dc0c847f
05d61658f62547ef
e7b4ddf1cb15dcf2
811627e99a1f5be9
1a110a01f30b31cb
e03bfc1b0e1a310f
d4bb12810dc846e7
7c62ff6de7300235
1200dcf1e4da11ca
1347074c6eb710d6
d72446cc0a3edf37
e033f0e2c8441131
d6e9f9e2d9dd310f
3b85f4ca61f70bb9
e52deb03bb23e8cb
12a88fe92bf74fa3
fb013bf0f61b113b
121af822b24e33ce
14faf15b68f8fade
0116daf4e201d0cc
0befb5e5d508fb81
eccbf61d351ff8f2
3bbdb3047e3a7fba
207fca4c2f13db0f
c6bcd0136140f0ac
10d6282cf32224db
12fa10fdf40df800
dbe521b7e4814260
dcc7e8ba0b61f224
ddf9dd29bae85524
ac14f3e72cd8ad36
7f37e6f085c01ecc
07e8001702e60ff8
1249eaedb9dc4e02
be4781e24b28079e
194e00f2adcfcd10
cdecf5d981131542
0a1ca524b81cdc2a
21efbbf808f53af5
eaec141928190bea
48d4b125f1eb9d04
d20c140e7bcf33d6
b6437f21b7e4efdd
c5f82e1cfde1bb19
3d59331ece81f8ad
fd421ceea445817f
f7f5d6f01521f113
3c233aacf609d0dc
f0d5ecf5eb0eeae8
f839fbc605bc4334
ca2e65928127141b
eb01fa0803020efc
7157fd9a42f96d5d
1ff856ec02d813fc
e7eadbfe19fbf40b
94df0f66f720fed3
ef0105f8c519fbec
1d19bdcd34df21d4
754fffc409e1db16
a610161dabbfd80f
5caed41bdafadd2b
c347f9e4dd0a20fc
f2e9f84e0d21f1fd
f756157fd3ae2d33
4981d5581943f128
7fe10e43bbeff005
f52449961b110ff6
de3708ff6d1f3bc6
413fcbbc1de319f1
6bc5e6e2e11cad05
7f4ffc0e3f213339
c638b9006ef85158
51e707d72525ebf9
22e3f4cb1020d6ed
b97f35240b00f3ef
f30bdcfa2c1b2ee0
ffe0097f09172810
d70e583708f70ef7
a7d5f9d7e41bdd14
f7f022df07684cbc
1a1a400228173626
e402e4fa63ff1fe6
571deaf1100739fa
f7eb238cc90358d6
34f01ef4a87fb90d
9e3382281a21c07f
c4f77f01e9d3e5d3
f3f3a958e05b5302
ef15e34235480caa
f4e4b54dec480e1b
f610f128fe0f0efd
fe09274781adf44a
0c11efa2644ade23
e0cc2fffaa3e573c
0a313f0d08dbd5f0
3448ee4d26e13603
0ddc0a0cfd15e809
e328c59fff2c7fea
6f30848f093e8246
dafe05dad8f247ab
332bcb9efbdf5320
43e20ff22eea2be5
f8f5ff2f0245a22f
265cfb97c7d9bfe8
f468df0512e421c2
079127d11604cce1
dc5584432b1c9ae2
f489eb38183d3704
15113581ffc4f12c
7f2c5bd87f13bcfc
13e6e9d40c23e8e0
4281c2ed04dea9e7
fd8ee511071909fc
095f20fdf3817cd1
09ea28cf30a02ce5
080a0be5f9eefb0a
2eb881edb111e631
ed56fe21f9d6dd39
c1b3c8eb09fbece6
f441e327102ddb10
0901f6e910113a04
43e3b4f5d43d42e3
0919fb06edd9dd09
02fe274af443f5dc
00b1763d0130e628
c024cbefc96123f8
0bee1fa6010002fc
f137766501b6367f
1b57fe74ad36c3ba
f378abfe051affe9
11641cc8ebc5819c
08cff4531fe7cd20
174530161fe6dc05
fdad8c2224ca1d0b
872f810a0028d2c6
43192e35812f107e
16e1fbdff6e5dd2f
3dfcf712ceca814c
d614c61330d0c80b
4a2e029ddee35902
c80a090cdd2aecef
6fef05dd0ed44a74
5df9faf2ddfe021a
b61da5f32e5406bd
53ca4e150e1e4419
312b0d4df2efd2de
bcfc2dc3c717fee6
07fd640c133da5d9
c6efab1b1318145f
f97f5207cda8d610
9b070fe9cbbb572c
2acc3a0c2d2124f9
8afb1e180df000db
b3e6e9fa0c083529
01ea09f30cec2704
62013e2a3181341a
e60f3a28a1fd2c21
bd4810ad11edfdd0
46fb2d1334fe16ef
5113ecc357050d05
d2fceffb05fc10ef
9df6e7d1dda7987f
7f39f07f7393d9e8
2320f1cde50bf240
363b1113e13b250c
a7194105d504313a
0bf68dc624c1241a
e00681e5f0c4a2fa
24d51125a7f6d5e9
38e0119c0e7f37c0
020e3e83069b2532
d1f0de111c6ac520
7f1d23c625595814
b82b14b7e78f8195
0d01e3c9dde4f304
e807cff7dbe20d81
ff06ef00e905f0f0
2fed1538d4fc3ef0
2d1b3006fa161354
03fdfd09fb020702
d331d5e67f11e2e6
70d72cf51bf25c16
d0e806eafaf5c407
3318f50e352d1b04
e50c06f8f4e0fef9
da1ea527d060c312
0c1a38b0164c0eee
f214e03ba72f17be
3cdaf905f2da21dc
2c340d811b53b715
252aac04eedbdb2c
e181562fd3ac99f9
b61e1410e7c3da06
0e2812fe2c7300c6
b2f7bed7ec1ffd21
2de87a2e1aac3623
371e1212134214e2
3cd5fe2322e2f30f
bda257bb7167a8ce
af268da6788bc260
93906621879c78a5
d55982247afd52fc
f98ef859b89b967e
7703d5dada39a189
7d2ee7229930748d
ff50cb9cf5bb89e2
ae08a2fea25967ef
c9326887c6e73a03
74219995e900c723
d79a9cfab85c5ca9
acb8aebca5a05c4d
ffffec18cd95a741
91f5bb01cb64908b
bbed8d8fb768aa2b
f2a5c9c8b660a2e3
89a680268bb5874b
6c4471cf8901f6ae
723a94bbd225aebe
84f86bb6b2db6627
b8a0c45e630bcbc3
95aa5a35c489ddf6
af5f9d3287ca6d67
9f66953b9f6d82e4
cacd696299c6a980
964bafbecc1a8632
be708ffe9acecc3a
a3949f3bcc0dcc0d
ccb17c40881d5d22
bf21b2e6a78bda50
b314e8a3a9719d97
598fffff75347278
ffffe2dd82dc877f
6ddf84139272c392
cf846a1b99119813
aba7db0fffffa823
68d6a457a546d43d
92729c007f8d73d2
b8c092b05f777d7f
b4fa9813a95a8802
8ca8c293a2ab86a8
ffff86a69bf49c93
a6ef7abdbe237d27
903fb4c87824f40c
9df59d518d1f87f9
869d8ee6a4ee96b2
a6c1d8fa9eff781c
8b3890ecd6bdb5a9
b8107f4c717291e3
a30e8a25ac7aaebe
68658f2ca8f0d8f1
978c8a9bffff869c
b2c2fe7c81ee4b39
60bb51bc8677ffff
aba598269d67ae3d
867db84facdc9793
8101bd62de1bbdae
d5498b35ae60e0ba
f1b3a04e893e8fc7
76ee9296ffff6c85
9ee8ffff840dd3eb
c52bba4c8b8be802
bc88a11792b8a086
ce258b99af35aaf0
96dd86ca8a47c260
918377ba77d2b133
9f71caf7b2fe8a0f
d030bf21bf09f54e
c1dd7a36a7abe789
9ede795c89d3698c
c4e0a449b0cb70ac
981392fdcc0da588
cff3fa266c415ed3
6e7b786ba7c2c99f
9ec4b9d7908763f1
dd79903fe61793fb
fb73cd10b2d1c4b7
818465b9cb64a4ee
9e23f8d16b49c6fd
86127e64db35c86f
9ad3a7bd73a7608f
714b8c169d9cd225
78429c539fe0a102
91d881a184bd7d27
a22c8f2bb63484b7
6c4070d26d1caed9
b09dcfd693447cfc
f4fb72b9ffff9040
ac79ffff8e818df2
a0809a74aad2bf96
9787a7c2cf7fed2d
af2bdac3c134c134
ffff656bc48eac0c
a6d2af47aa01d1b3
c1d6b1c16ecd6cd9
a873991c77df6ebd
d194d2ddc08583c9
6ffc7b4fd4309fc2
8b518c749a0f84f9
b917e87e967e90c4
8101791aa679fc06
aa74df7d7e18748d
d12bd9418c836d2a
ffffac0ca070e095
8d35aa2b5898849a
84c45e5f689ecd5a
88479965ffffb19f
75dbbefcf68fedc6
c163ce58df7b89f4
762ba98ae58ca001
ea36ac01ca4c9cca
bcf4c22ede12d54f
97695ac055db9ad4
7577fe5a7fdf9ebe
89c096e6afe083e8
9412c9ed97897c38
a6deffffffff8691
a2b5ffff74f7df28
ecbaaf5fb243b0eb
b0e1da5c9e379bcd
a8fa7e35ea7d82be
7860b4c8bf96d8c3
e5459bf4893ec8f6
ffffdac3ec74a426
b192a5669aa79caf
c79591769ceebf15
db358d07a48e9f8b
ae4ba748ffff99bd
ffffce26b1928d2d
9496ad6add4473b1
f31393ec95f87784
eae9a6d2921ac7d2
8f4fc3f59890e789
ffffa79663019701
e997c792c511afea
ab0eaa10fffffcc1
e3f29a96ec2a85a1
ad938c4bc4a7f1b3
ce8a8496bb407564
860b9447d09acf59
c6aa98d6c73fd7e1
afc9a5769ec6c53d
d269a421b7689084
d162b7e2e3cafadb
63d29c899c987ad3
893b6bcf87dfc469
ffffa3ea8901d7cf
a980af11616d7a59
b647c0d89a288b34
7ad1788899296853
89c89826ffff6d67
ffff867dcc91a6d2
9a71a126b02e952f
c70d9243cc1aeb1c
d772e900ce68a157
ebc088f9ec749d97
80148ff5b01caf18
8853a808bc9f988b
c5d1c1d66286be16
921983eddf9b6956
a94ad2dd91cfa1b1
6737ffff886f802e
9113caf793fbaa10
a4687c2ca31ec690
905b7d59ada79592
982d8f758cbb6f75
825aff5079fd7bbe
fd0c7980b8cb9772
8b8eb533a5c19c80
7e10c354c5e5ba8e
ab69c2e892938cad
850993459024d345
b4977fa5af04ba6b
aec4e842ac78d1b3
f4e177bbc6fd997b
8fa8b55a90349bbc
991ea52d84898bb5
cb9e631197cdbb34
c6e58076f0e0f6ae
82be8f9ea7887f23
a937a93781ee6043
b46a865694f9c489
9bf4ffffbe7effff
c25d76d6c18bd29a
d73d7650d1dc884f
ffffe88f8c74cc1a
9b55ae21afa39789
b383c028cf4371e0
cd9e8e1a8309977a
e00a96f8a277ecee
a3148fc3dba68ecf
8defabf5924560bc
ffff81019ee87c40
a10096a28ff8ffff
987978666d089b0e
7927a93dbb1d9f5a
96a0f89ac9789929
945b810176bb8d75
935cb1d8ffffb0cb
82fdb716a814bb57
6f37c3aea09d8f02
d73472b7ba8e7480
b479ae1887dd6e98
ffffb4c8a823bda0
77f7aa31ab0ee348
ca6effffa3b39577
ea36c12d8dc29861
8952780eccbaacfd
b061863b9f3e5c17
94516d2e8c6752c5
9f94c933c103c103
ce85c8d059e560f5
b3ee8fc17b53ac01
788856bcb4d4c357
b6d46e35c531a61d
7b6867a3713a947b
8d719a71c579a980
7860c911a9afffff
bd32cc1bbcd8fc6d
95bfbe0c7157972a
9498984d9572ffff
cdc6ec1e89158e01
dc89dc897a2a91be
b1f2b4497301f513
9493b726f4cbb36c
a30c7414b8bcb060
77d49ae495f8ffff
90dbb686c2cd97bf
6c7e6f1baed9b270
78e292724a0c45a3
a39de15682c2a7ea
aa10e5f97f049b44
cff3cb8a7a42ffff
cfad8979ecbaba8e
9b2fc4b2800b75df
b2c49447949ccf59
c939c01bba6badbf
d7d0be31b29ff58c
fe12c12dbadaffff
b415d2a7a7fba0be
9ad381f75ba6a1e4
9ca86e188a239192
6f84c4babd78a224
c33faa9d80127804
dfaa99cf5d04c260
53b07c577e9c74f7
f2f1c5e5a78ad16c
9ad4beb5a6d2a30c
b56b7b6ad533e4ec
974d7b66b6579756
cfd6caddb766b0ba
b49195bfa539bdfe
82dc73e871a4f3a9
8f0bdd79b78b819f
8e5a8f04860389ec
97f1e0fdbf57d3bd
8881c994a6538a47
928ac20589438bd7
77d4f8e85c899d0a
9a989d029a41a964
dc20a77a96c4b75f
85e79c0068d2ffff
bccafdf78ba39e29
af06b3fcaaa0e467
e1bdcff3963460e2
85b585b59964ffff
6f70c3cd6f8ea104
7f7ec203ce18c7d2
c563c563c4b79a81
9814a471b29f8564
ffff9f73a59e4ba3
ffff8dc1ae6bfadb
82d1b9e08bb583a7
8593ffff8901a8f0
866d8076bfe1fe9c
75cd8f9e73499878
8776a5b29d0e5601
6f4c7ad1b3a2ada7
fa8db950b39aace6
d030893baa726c52
776e94b6e960b268
c305ce3bb77b8d06
950bf1b3ffffc24a
95bff9949a60d7f7
c7f0541765e5b328
9bcd85e9eceed429
ffffa314ffff743d
a3c697f193565fab
9a4aec268d2daa09
8b5f8a38b3c8aeb9
b89e999cc1027a7e
ffffaba7ea03ce18
d2b88540fffffad4
aa74ac5d777589d3
dea4d3ddbc31c0af
6881d4fbdb7d8948
c05e85f8ce3a727c
b15673a8b09dbfae
b9d7ae18800b8bb7
df7dabb69024bb1d
d0e79500b41578b0
c5558ee6a78bcc9f
977def767da060bc
e348b048f522ffff
dc3cffff5b35a2e2
a991535b98ef9ebe
ddf26f84ffffa58a
b14b92f591ef6bc2
b774ffa9c43b6043
93615ce0a679cd0f
c3698ffeeb0ea835
cd72b7659f6deae9
94b6915babbac696
775e9f7ea3fe9ae4
ffffaf5fb0bae454
e789907bb101693d
b36c6d5c936a742e
8b58ffffffffd2ee
93beb5e680079aa8
e35488adb39b979b
d52695b8a91c6dd2
7ee497a877d28caa
7c74be4ea7169101
b41ba80881a2c7d2
a66effffcd0f6bea
89b996448eea9701
dea4ec488e448821
8e07b004ba11bc9d
b1e4b2fe682489be
77f3bdafe163b6d4
bc87ffffc7e27e1e
b1c29f7eb618fa53
a8ea895297f8f161
d3bcadbfa3b3b164
a8b9ad51ae949bb0
c5fbec4fe815a22c
7a2d8d10681e79f1
78aa94519467a7ce
a3ea6865b346e7d0
7f5692f58012878b
d3c7c6dd7d2e81ee
942467ae9f24a414
b319c861a2c3e709
a5cc9bbebf218dd6
9a717b6abb74c8d0
903fb0c0abf5d0a7
c369a68498a0cc3a
9b04907b62369a60
72ec8101ac0c881d
b07cf4b9faa0b650
df5ad1ec9e918007
e92c6ebe6c12db57
e2dd83dc8c22745f
9be1b9b3b1338101
91a5b89e6b8b6f84
e3aa76aa98609b83
d7f1905bc6ee8379
ac5dd7b997bb9c18
ab1bb5e3882198e6
aa10a7169e8770ee
b53383c3c7ee69af
a4fd8b5a855a8e21
9965a99e8bb77019
9a749a74ffffb114
c6aa9df5b415ffff
92fab1d4ffffa8c6
d3b9c7e8a7f66f37
a741c0e9bfacd272
9e59b3cbd91173a7
78aa8c16a58a77df
9157e248a468e347
7276bdae878b587e
bd53bafa779e6e49
834a60bbcd0fa414
a7c2d63474dc994c
a7a0da5c92abaa72
be807da6becbffff
974d8c37bae4cc1a
8e219964c7bced2d
cdfc9b04aedd8809
81eeb722977a7bdd
96f8f384aa0189b2
c5d1af1ae491b54a
ea7cbb4ca02386f0
c86f9ddd779ec7f0
9aba820799fb85f5
f6a1ffff71ffb200
bcb69210bf09d5c7
bb77b426a8dda414
89b9830978ea6a47
d284ffff87408101
c7169911cd539443
9a96ffff6f678393
8b5a93f0810187eb
99658f7081018da4
a4887244f7d0c40e
84348f29b7e2b2d1
8de1c75fc7b3bc9f
ba9ddfb58712b533
a885ab0ec11bdca4
8b5ba897ffff6d6b
638675ecffffa224
b22776a2de9bc6ad
ffff941263c2643a
7487a48561306ec0
5c7e87199b8da8dd
bbccecba8a789d67
edab7c6f99fd8d3c
8231d3e39c00c222
9f7eb1c2c8b0b0a7
8929928ea1578446
e0079f3b972ab9b5
86915c0877cc77cc
b1b19bcd9ec6819f
d340b9e1ac5f98b4
90db9b7393567ff0
9f01b726a479ffff
7acc6943eaaf837b
999c9c07b102ba10
aa72b55199a1de90
a5638e43d1d97e03
ac5db32c6d2f9418
cb9ce433f93d9805
9c0c9a0ff3d876bd
85f8b8828cf488b7
8a6957ba6bb9d27a
b80daefd9d2aaf93
a488984fb75ad486
cf9fc01bc4b786b5
65b9f2958063db8c
ff62a57193d46d7e
c0e9e715ffffc425
bf00b13ca2e282c5
a3f860448870a6ac
b8ccc5d0c58bcc57
978c978c987861e4
9fd368b79dfb7b53
757c78887d6aa189
5d47c0ecb7cacc10
8ed47e43965ecdc6
d85c95d487c1b6dc
70c174c992378193
f94f9d327c94e8af
c265a4a1d49e84c1
a5667e397e77bd71
a808bcb6a277a3b3
c47e76f9b54a93b2
02f503460397fc18
01b10202025302a4
006d00be010f0160
ff29ff7affcb001c
fde5fe36fe87fed8
fca1fcf2fd43fd94
032d037e03cffc50
01e9023a028b02dc
00a500f601470198
ff61ffb200030054
fe1dfe6efebfff10
fcd9fd2afd7bfdcc
036503b6fc37fc88
0221027202c30314
00dd012e017f01d0
ff99ffea003b008c
fe55fea6fef7ff48
fd11fd62fdb3fe04
039dfc1efc6ffcc0
025902aa02fb034c
0115016601b70208
ffd10022007300c4
fe8dfedeff2fff80
fd49fd9afdebfe3c
03d5fc56fca7fcf8
029102e203330384
014d019e01ef0240
0009005a00ab00fc
fec5ff16ff67ffb8
fd81fdd2fe23fe74
fc3dfc8efcdffd30
02c9031a036b03bc
018501d602270278
0041009200e30134
fefdff4eff9ffff0
fdb9fe0afe5bfeac
fc75fcc6fd17fd68
0301035203a3fc24
01bd020e025f02b0
007900ca011b016c
ff35ff86ffd70028
fdf1fe42fe93fee4
fcadfcfefd4ffda0
0339038a03dbfc5c
01f50246029702e8
00b10102015301a4
ff6dffbe000f0060
fe29fe7afecbff1c
fce5fd36fd87fdd8
037103c2fc43fc94
022d027e02cf0320
00e9013a018b01dc
ffa5fff600470098
fe61feb2ff03ff54
fd1dfd6efdbffe10
03a9fc2afc7bfccc
026502b603070358
0121017201c30214
ffdd002e007f00d0
fe99feeaff3bff8c
fd55fda6fdf7fe48
03e1fc62fcb3fd04
029d02ee033f0390
015901aa01fb024c
0015006600b70108
fed1ff22ff73ffc4
fd8dfddefe2ffe80
fc49fc9afcebfd3c
02d50326037703c8
019101e202330284
004d009e00ef0140
ff09ff5affabfffc
fdc5fe16fe67feb8
fc81fcd2fd23fd74
030d035e03affc30
01c9021a026b02bc
008500d601270178
ff41ff92ffe30034
fdfdfe4efe9ffef0
fcb9fd0afd5bfdac
0345039603e7fc68
0201025202a302f4
00bd010e015f01b0
ff79ffca001b006c
fe35fe86fed7ff28
fcf1fd42fd93fde4
037d03cefc4ffca0
0239028a02db032c
00f50146019701e8
ffb10002005300a4
fe6dfebeff0fff60
fd29fd7afdcbfe1c
03b5fc36fc87fcd8
027102c203130364
012d017e01cf0220
ffe9003a008b00dc
fea5fef6ff47ff98
fd61fdb2fe03fe54
fc1dfc6efcbffd10
02a902fa034b039c
016501b602070258
0021007200c30114
feddff2eff7fffd0
fd99fdeafe3bfe8c
fc55fca6fcf7fd48
02e10332038303d4
019d01ee023f0290
005900aa00fb014c
ff15ff66ffb70008
fdd1fe22fe73fec4
fc8dfcdefd2ffd80
0319036a03bbfc3c
01d50226027702c8
009100e201330184
ff4dff9effef0040
fe09fe5afeabfefc
fcc5fd16fd67fdb8
035103a2fc23fc74
020d025e02af0300
00c9011a016b01bc
ff85ffd600270078
fe41fe92fee3ff34
fcfdfd4efd9ffdf0
038903dafc5bfcac
0245029602e70338
0101015201a301f4
ffbd000e005f00b0
fe79fecaff1bff6c
fd35fd86fdd7fe28
03c1fc42fc93fce4
027d02ce031f0370
0139018a01db022c
fff50046009700e8
feb1ff02ff53ffa4
fd6dfdbefe0ffe60
fc29fc7afccbfd1c
02b50306035703a8
017101c202130264
002d007e00cf0120
fee9ff3aff8bffdc
fda5fdf6fe47fe98
fc61fcb2fd03fd54
02ed033e038f03e0
01a901fa024b029c
006500b601070158
ff21ff72ffc30014
fdddfe2efe7ffed0
fc99fceafd3bfd8c
0325037603c7fc48
01e10232028302d4
009d00ee013f0190
ff59ffaafffb004c
fe15fe66feb7ff08
fcd1fd22fd73fdc4
035d03aefc2ffc80
0219026a02bb030c
00d50126017701c8
ff91ffe200330084
fe4dfe9efeefff40
fd09fd5afdabfdfc
039503e6fc67fcb8
025102a202f30344
010d015e01af0200
ffc9001a006b00bc
fe85fed6ff27ff78
fd41fd92fde3fe34
03cdfc4efc9ffcf0
028902da032b037c
0145019601e70238
0001005200a300f4
febdff0eff5fffb0
fd79fdcafe1bfe6c
fc35fc86fcd7fd28
02c10312036303b4
017d01ce021f0270
0039008a00db012c
fef5ff46ff97ffe8
fdb1fe02fe53fea4
fc6dfcbefd0ffd60
02f9034a039bfc1c
01b50206025702a8
007100c201130164
ff2dff7effcf0020
fde9fe3afe8bfedc
fca5fcf6fd47fd98
0331038203d3fc54
01ed023e028f02e0
00a900fa014b019c
ff65ffb600070058
fe21fe72fec3ff14
fcddfd2efd7ffdd0
036903bafc3bfc8c
0225027602c70318
00e10132018301d4
ff9dffee003f0090
fe59feaafefbff4c
fd15fd66fdb7fe08
03a1fc22fc73fcc4
025d02ae02ff0350
0119016a01bb020c
ffd50026007700c8
fe91fee2ff33ff84
fd4dfd9efdeffe40
03d9fc5afcabfcfc
029502e603370388
015101a201f30244
000d005e00af0100
fec9ff1aff6bffbc
fd85fdd6fe27fe78
fc41fc92fce3fd34
02cd031e036f03c0
018901da022b027c
0045009600e70138
ff01ff52ffa3fff4
fdbdfe0efe5ffeb0
fc79fccafd1bfd6c
0305035603a7fc28
01c10212026302b4
007d00ce011f0170
ff39ff8affdb002c
fdf5fe46fe97fee8
fcb1fd02fd53fda4
033d038e03dffc60
01f9024a029b02ec
